Cement,Blast_Furnace_Slag,Fly_Ash,Water,Superplasticizer,Coarse_Aggregate,Fine_Aggregate,Age,Water_Binder_Ratio,Log_Age,Cement_x_Age,SCM_Ratio,Concrete_Strength
336.0,0.0,0.0,182.0,1.3862943611198906,986.0,817.0,28,0.5416666505456355,3.367295829986474,9408.0,0.0,44.86420332
140.1,1.6486586255873816,5.379436417832829,193.9,1.7404661748405044,1049.5,710.1,28,0.5383120339169342,3.367295829986474,3922.7999999999997,0.6110494169905608,26.42
350.0,0.0,0.0,203.0,0.0,974.0,775.0,14,0.579999983428572,2.70805020110221,4900.0,0.0,22.53207568
162.0,5.003946305945459,5.25227342804663,179.0,2.995732273553991,838.0,741.0,28,0.35799999284000017,3.367295829986474,4536.0,0.676,42.08
225.0,0.0,0.0,181.0,0.0,1113.0,833.0,7,0.8044444086913596,2.0794415416798357,1575.0,0.0,11.169511199999999
289.0,4.90527477843843,0.0,195.0,1.9459101490553132,924.0,760.0,28,0.46099289690324124,3.367295829986474,8092.0,0.31678486997635935,46.24315532
162.0,5.25227342804663,5.003946305945459,179.0,2.995732273553991,838.0,741.0,28,0.35799999284000017,3.367295829986474,4536.0,0.676,33.75674496
288.0,5.262690188904886,0.0,192.0,0.0,932.0,717.8,7,0.3999999916666669,2.0794415416798357,2016.0,0.4,23.523542168
446.0,3.2188758248682006,4.382026634673881,162.0,2.534490149976828,967.0,712.0,7,0.29508196183821567,2.0794415416798357,3122.0,0.18761384335154827,52.00717468
475.0,0.0,4.0943445622221,142.0,1.0647107369924282,1098.0,641.0,28,0.26591759801652437,3.367295829986474,13300.0,0.1104868913857678,57.226507999999995
322.0,0.0,0.0,203.0,0.0,974.0,800.0,180,0.6304347630299764,5.198497031265826,57960.0,0.0,29.58541516
355.0,2.995732273553991,4.584967478670572,145.0,2.648300196696436,967.0,871.0,28,0.3078556197907512,3.367295829986474,9940.0,0.24628450106157113,44.02993736
165.0,4.863680881139593,4.891100725401066,175.06,2.206074192613202,1005.8,746.6,56,0.41132517830532944,4.04305126783455,9240.0,0.612312030075188,53.72396992
181.38,0.0,5.124023501441311,169.59,2.1471001901536506,1055.6,777.8,14,0.48678204062165853,2.70805020110221,2539.3199999999997,0.47937656075088264,21.601283079999998
307.0,0.0,0.0,193.0,0.0,968.0,812.0,90,0.6286644746363363,4.51085950651685,27630.0,0.0,32.922478999999996
141.3,5.3612921657094255,0.0,203.5,0.0,971.8,748.5,7,0.575997719332077,2.0794415416798357,989.1000000000001,0.6000566091140673,10.3938507
255.0,0.0,0.0,192.0,0.0,889.8,945.0,7,0.7529411469434845,2.0794415416798357,1785.0,0.0,10.222171176
322.0,0.0,5.0106352940962555,186.0,2.1972245773362196,951.0,709.0,28,0.3949044502143429,3.367295829986474,9016.0,0.31634819532908703,45.42
102.0,5.0369526024136295,0.0,192.0,0.0,887.0,942.0,7,0.7529411469434845,2.0794415416798357,714.0,0.6,7.675936308
213.74,0.0,5.169005630067697,154.79,2.412335956953165,1053.5,776.35,14,0.3984503604188025,2.70805020110221,2992.36,0.44980436573311366,33.72916592
290.35,0.0,4.576564928977757,168.08,2.3427668826268775,961.18,865.0,56,0.4348433385547477,4.04305126783455,16259.600000000002,0.2488293276071715,45.08483564
382.0,0.0,0.0,186.0,0.0,1111.0,784.0,7,0.4869109820180372,2.0794415416798357,2674.0,0.0,11.46598588
202.0,2.4849066497880004,4.955827057601261,206.0,1.000631880307906,942.0,801.0,3,0.5819208875163592,1.3862943611198906,606.0,0.4293785310734463,9.84965714581204
250.0,0.0,0.0,182.0,0.0,1100.0,820.0,7,0.7279999708800011,2.0794415416798357,1750.0,0.0,12.73462172
190.68,0.0,4.839451481712757,162.14,2.1713368063840917,1090.0,804.01,100,0.5129713834164963,4.61512051684126,19068.0,0.39673500379650717,40.56876784
250.0,0.0,4.5715099844954565,187.42,1.8764069432883397,956.86,861.17,14,0.5421620370227072,2.70805020110221,3500.0,0.2768087014377043,24.91766264
310.0,0.0,0.0,192.0,0.0,970.0,850.0,360,0.6193548187304898,5.8888779583328805,111600.0,0.0,38.11423328
277.05,0.0,4.588939172877674,160.6,2.551786178627545,973.9,875.61,14,0.42890715658297307,2.70805020110221,3878.7000000000003,0.2600950753124666,41.885667
218.23,4.018902367055242,4.82655218668264,140.75,2.558002204858551,1075.7,792.67,3,0.35484683335820416,1.3862943611198906,654.6899999999999,0.4498172192108913,27.42046052
298.0,0.0,4.68213122712422,186.0,1.9459101490553132,879.0,815.0,28,0.45925924791952477,3.367295829986474,8344.0,0.2641975308641975,42.63719584
262.0,4.718498871295094,4.465908118654584,195.0,1.791759469228055,895.0,733.0,28,0.4248365920514904,3.367295829986474,7336.0,0.42919389978213507,33.7153764
133.0,5.303304908059076,0.0,192.0,0.0,927.4,839.2,90,0.5765765592619653,4.51085950651685,11970.0,0.6006006006006006,36.588422892
295.71,0.0,4.570992734186505,171.54,2.28949985344539,955.14,859.2,100,0.43832885043237896,4.61512051684126,29570.999999999996,0.24438482177079343,52.04164848
213.5,0.0,5.166156462945698,154.61,2.5384474167160302,1052.3,775.48,14,0.39874657247777967,2.70805020110221,2989.0,0.4493732913808222,33.70158688
380.0,4.564348191467836,0.0,228.0,0.0,932.0,594.0,28,0.4799999898947371,3.367295829986474,10640.0,0.2,36.447769788
349.0,0.0,0.0,192.0,0.0,1056.0,809.0,28,0.5501432507122278,3.367295829986474,9772.0,0.0,33.60506024
380.0,0.0,0.0,228.0,0.0,932.0,670.0,180,0.5999999842105268,5.198497031265826,68400.0,0.0,53.104130996
166.8,5.526249434594043,0.0,203.5,0.0,975.6,692.6,3,0.4880095806232715,1.3862943611198906,500.40000000000003,0.6,6.902344236
214.9,4.00369019395397,4.811289646296506,155.63,2.361796952625892,1014.3,780.58,56,0.39844849078449296,4.04305126783455,12034.4,0.4498067026805602,53.95839176
173.54,3.9328055446106744,5.162096646636745,164.77,2.010894999144726,1006.2,793.5,56,0.41491235860917713,4.04305126783455,9718.24,0.5630036261079774,53.77223324
183.9,4.817050545023591,0.0,203.5,0.0,959.2,800.0,90,0.6639477760539062,4.51085950651685,16551.0,0.39999999999999997,32.53292506
304.0,4.343805421853684,0.0,228.0,0.0,932.0,670.0,365,0.5999999842105268,5.902633333401366,110960.0,0.2,55.260122448
296.0,4.584967478670572,0.0,219.0,2.302585092994046,932.0,685.0,28,0.5572518942175091,3.367295829986474,8288.0,0.24681933842239187,29.23
238.0,0.0,0.0,186.0,0.0,1119.0,789.0,28,0.7815125722053541,3.367295829986474,6664.0,0.0,17.54026944
401.8,4.5612182984589085,0.0,147.4,2.517696472610991,946.8,852.1,7,0.2968781410497857,2.0794415416798357,2812.6,0.19073514602215508,54.09628696
159.0,5.3471075307174685,5.087596335232384,201.0,2.0794415416798357,848.0,669.0,28,0.37996218563398515,3.367295829986474,4452.0,0.6994328922495274,30.881630039999997
182.04,3.833196224882175,4.811940423184356,170.21,2.2181159363675955,1059.4,780.65,3,0.4874004785693695,1.3862943611198906,546.12,0.47872401351583527,7.3153403599999995
303.6,4.948050418904635,0.0,213.5,1.9740810260220096,895.5,722.5,28,0.48139795983319145,3.367295829986474,8500.800000000001,0.315445321307779,33.419591196
192.0,5.666426688112432,0.0,192.0,0.0,929.8,716.1,28,0.3999999916666669,3.367295829986474,5376.0,0.6,39.321505756
277.0,0.0,0.0,191.0,0.0,968.0,856.0,3,0.689530661027774,1.3862943611198906,831.0,0.0,11.36256448
148.1,0.0,4.924350925499243,158.1,2.8390784635086144,1001.8,830.1,28,0.5553213714323368,3.367295829986474,4146.8,0.47980330172110996,17.959470848000002
159.0,5.267858159063328,0.0,208.0,2.5649493574615367,821.0,818.0,28,0.5909090741219013,3.367295829986474,4452.0,0.5482954545454546,19.19
349.0,0.0,0.0,192.0,0.0,1047.0,806.0,360,0.5501432507122278,5.8888779583328805,125640.0,0.0,42.126983599999996
491.0,3.295836866004329,4.820281565605037,201.0,1.5953389880545987,822.0,699.0,28,0.3140624950927735,3.367295829986474,13748.0,0.2328125,57.915983999999995
236.0,0.0,0.0,193.0,0.0,968.0,885.0,7,0.8177965755170943,2.0794415416798357,1652.0,0.0,9.99050724
359.0,2.995732273553991,4.955827057601261,154.0,2.477378383367209,942.0,801.0,7,0.2967244644176404,2.0794415416798357,2513.0,0.30828516377649323,35.75425543054136
150.3,4.722063937459591,5.479805242593414,167.3,2.0149030205422647,999.5,670.5,28,0.3342657275870983,3.367295829986474,4208.400000000001,0.6997002997002997,38.19
379.5,5.025195445427586,0.0,153.9,2.827313621929028,1134.3,605.0,28,0.28999434162437643,3.367295829986474,10626.0,0.2849067269643866,52.20022796
388.6,4.585987366571318,0.0,157.9,2.5726122302071057,852.1,925.7,28,0.32509779030064256,3.367295829986474,10880.800000000001,0.19991764463660694,50.69717028
475.0,4.785823685681349,0.0,181.1,2.2925347571405443,852.1,781.5,28,0.30498483824545575,3.367295829986474,13300.0,0.20006736274840015,68.29949256
198.6,4.893352133481524,0.0,192.0,0.0,978.4,825.5,180,0.5800604054362416,5.198497031265826,35748.0,0.4,41.719503284
389.9,5.247024072160486,0.0,145.9,3.1354942159291497,944.7,755.8,7,0.25202970716825523,2.0794415416798357,2729.2999999999997,0.3264812575574365,59.09498796
309.9,4.9684234452869465,4.720282993088596,167.8,3.139832617527748,913.9,651.2,28,0.2975704859448398,3.367295829986474,8677.199999999999,0.4504344741975528,38.215586251999994
339.0,0.0,0.0,185.0,0.0,1069.0,754.0,7,0.5457226977662921,2.0794415416798357,2373.0,0.0,21.160018439999998
181.9,5.612397912854348,0.0,185.7,0.0,1012.4,714.3,28,0.408401134629401,3.367295829986474,5093.2,0.5999560149549152,27.935499091999997
296.0,0.0,4.679349584162343,221.4,2.4423470353692043,819.2,778.4,28,0.5497889111053164,3.367295829986474,8288.0,0.2649615098087907,31.420110796000003
314.0,4.9856593080260785,4.73795129722191,178.9,2.1972245773362196,869.1,690.2,28,0.3124890775111078,3.367295829986474,8792.0,0.451528384279476,46.234192132
281.0,0.0,0.0,185.0,0.0,1104.0,774.0,28,0.6583629658945565,3.367295829986474,7868.0,0.0,22.435549039999998
425.0,4.675628649636653,0.0,153.5,2.8622008809294686,852.1,887.1,7,0.28891397912828953,2.0794415416798357,2975.0,0.2000752870318088,49.20100736
397.0,0.0,0.0,186.0,0.0,1040.0,734.0,28,0.4685138421029259,3.367295829986474,11116.0,0.0,36.93522932
275.07,0.0,4.806885789888681,159.48,2.388762789235098,1053.6,777.5,56,0.402300580134691,4.04305126783455,15403.92,0.3061147268049039,56.847296199999995
284.0,2.772588722239781,4.955827057601261,179.0,1.8656293177945105,842.0,801.0,3,0.4068181725723143,1.3862943611198906,852.0,0.35454545454545455,13.395533715270679
337.9,5.247024072160486,0.0,174.9,2.3513752571634776,944.7,755.8,91,0.33194153858528114,4.5217885770490405,30748.899999999998,0.35870184095653823,67.79617508
310.0,0.0,0.0,192.0,0.0,1012.0,830.0,28,0.6193548187304898,3.367295829986474,8680.0,0.0,27.827251359999998
190.34,0.0,4.837709458942664,161.85,2.3869262414277967,1088.1,802.59,56,0.5129627119370338,4.04305126783455,10659.04,0.39674188640973634,38.56239268
168.88,3.76630335107874,4.830311739964974,158.33,2.4706386779902956,1080.8,796.15,3,0.47213357769096237,1.3862943611198906,506.64,0.49640673922767253,7.3980774799999995
313.3,4.983606621708336,0.0,178.5,2.1972245773362196,867.2,824.0,28,0.38948286298313634,3.367295829986474,8772.4,0.31638664630154917,40.925226931999994
159.0,4.762173934797756,5.0106352940962555,175.0,2.772588722239781,953.0,720.0,28,0.412735839322268,3.367295829986474,4452.0,0.625,34.05
323.7,5.648269764725942,0.0,183.8,2.424802725718295,942.7,659.9,28,0.3030502835441009,3.367295829986474,9063.6,0.4662819455894477,74.69782984
212.52,0.0,4.618777189394308,159.32,2.2731562823032334,1007.8,903.59,3,0.5091885164374536,1.3862943611198906,637.5600000000001,0.3207836619898367,13.54130864
212.0,0.0,4.834534349115358,159.0,2.179286876649552,1085.4,799.54,28,0.4721182827923784,3.367295829986474,5936.0,0.37050893758536735,38.500339839999995
382.5,0.0,0.0,185.7,0.0,1047.8,739.3,7,0.48549018338587757,2.0794415416798357,2677.5,0.0,24.065470304
349.0,0.0,0.0,192.0,0.0,1047.0,806.0,28,0.5501432507122278,3.367295829986474,9772.0,0.0,32.72253096
469.0,4.772378104971998,0.0,137.8,3.502549875922443,852.1,840.5,7,0.23507334979404043,2.0794415416798357,3283.0,0.19993176390310474,54.896079119999996
273.0,0.0,4.51085950651685,199.0,2.4849066497880004,931.0,762.0,28,0.5482093512889986,3.367295829986474,7644.0,0.24793388429752067,32.23989776
238.05,0.0,4.555034116494294,186.66,2.0794415416798357,949.91,847.01,100,0.5619580755672544,4.61512051684126,23805.0,0.2833273121387283,44.298833
153.0,5.480638923341991,0.0,200.0,1.9459101490553132,1002.0,684.0,28,0.5102040686172432,3.367295829986474,4284.0,0.6096938775510204,26.8550902
331.0,0.0,0.0,192.0,0.0,978.0,825.0,7,0.5800604054362416,2.0794415416798357,2317.0,0.0,16.26473884
238.2,5.073923033332174,0.0,185.7,0.0,1040.6,734.3,28,0.4677581746156631,3.367295829986474,6669.599999999999,0.4,26.91369566
212.0,0.0,4.834534349115358,159.0,2.179286876649552,1085.4,799.54,56,0.4721182827923784,4.04305126783455,11872.0,0.37050893758536735,45.08483564
375.0,4.551769409260976,0.0,126.6,3.1945831322991562,852.1,992.6,28,0.27005118877877154,3.367295829986474,10500.0,0.2000853242320819,56.69561148
265.0,4.465908118654584,4.718498871295094,195.0,1.9459101490553132,833.0,790.0,28,0.42207791294203656,3.367295829986474,7420.0,0.4264069264069264,37.39
167.0,4.335982696172475,5.123963979403259,164.03,2.187174241482718,1007.3,770.1,28,0.40065949192331485,3.367295829986474,4676.0,0.5920859794821691,41.40992856
304.8,0.0,4.611152257665639,196.0,2.379546134130174,959.4,705.2,28,0.4846686329211516,3.367295829986474,8534.4,0.24629080118694363,30.12320644
255.5,5.143416405330075,0.0,185.7,0.0,1026.6,724.3,28,0.4361202340037521,3.367295829986474,7154.0,0.3999530295913575,32.051670812
450.1,3.9318256327243257,0.0,200.0,1.3862943611198906,1124.4,613.2,28,0.3999200079999998,3.367295829986474,12602.800000000001,0.09998000399920015,39.37597436
480.0,0.0,0.0,192.0,0.0,936.2,712.2,3,0.3999999916666669,1.3862943611198906,1440.0,0.0,24.404692496
525.0,0.0,0.0,189.0,0.0,1125.0,613.0,3,0.3599999931428573,1.3862943611198906,1575.0,0.0,33.79811352
146.0,5.159055299214529,0.0,182.0,1.3862943611198906,986.0,817.0,28,0.5705328974754578,3.367295829986474,4088.0,0.542319749216301,23.73865868
116.0,5.159055299214529,0.0,192.0,0.0,909.8,891.9,7,0.6643598386034658,2.0794415416798357,812.0,0.5986159169550173,10.089791784
475.0,4.785823685681349,0.0,181.1,2.2925347571405443,852.1,781.5,91,0.30498483824545575,4.5217885770490405,43225.0,0.20006736274840015,74.19451236
339.0,0.0,0.0,197.0,0.0,968.0,781.0,365,0.5811209268105921,5.902633333401366,123735.0,0.0,38.89334116
184.0,4.465908118654584,5.25227342804663,213.0,1.9459101490553132,923.0,623.0,28,0.46304346819470726,3.367295829986474,5152.0,0.6,22.93197176
168.88,3.76630335107874,4.830311739964974,158.33,2.4706386779902956,1080.8,796.15,28,0.47213357769096237,3.367295829986474,4728.639999999999,0.49640673922767253,31.11605188
202.0,2.4849066497880004,4.955827057601261,206.0,1.000631880307906,942.0,801.0,28,0.5819208875163592,3.367295829986474,5656.0,0.4293785310734463,21.96670536
284.0,2.772588722239781,4.955827057601261,179.0,1.8656293177945105,842.0,801.0,28,0.4068181725723143,3.367295829986474,7952.0,0.35454545454545455,43.733462679999995
140.5,4.128745988939433,5.480222169845649,182.5,1.9021075263969205,1017.7,681.4,28,0.41430192022016077,3.367295829986474,3934.0,0.681044267877412,30.97
302.0,0.0,0.0,203.0,0.0,974.0,817.0,180,0.6721854082057812,5.198497031265826,54360.0,0.0,26.74477404
277.19,4.593300013417604,3.2371085931292605,160.7,2.5006159434931803,1061.7,782.46,100,0.4022830149377171,4.61512051684126,27719.0,0.3061055899066263,66.9481196
108.3,5.096201182425903,0.0,203.5,0.0,938.2,849.0,90,0.7517546822403147,4.51085950651685,9747.0,0.5999261174732177,29.231713971999998
213.5,0.0,5.166156462945698,159.21,2.5384474167160302,1043.6,771.9,28,0.41061019212332517,3.367295829986474,5978.0,0.4493732913808222,44.63667624
362.6,5.247024072160486,0.0,164.9,2.533696813957432,944.7,755.8,91,0.29894850799585737,4.5217885770490405,32996.6,0.3426395939086294,79.29663476
148.5,4.944495491591711,4.696837374513915,192.7,1.9600947840472698,892.4,780.0,28,0.4860025098107816,3.367295829986474,4158.0,0.6254728877679697,23.696600644
303.8,0.18232155679395462,5.483966713434666,236.4,2.2300144001592104,780.1,715.3,28,0.4347186385671454,3.367295829986474,8506.4,0.4413387274733358,44.48
322.0,4.762173934797756,0.0,196.0,2.3978952727983707,818.0,813.0,28,0.4474885742582518,3.367295829986474,9016.0,0.2648401826484018,29.77
424.0,3.1354942159291497,4.890349128221754,168.0,2.2945529212967815,822.0,750.0,56,0.2906574344176915,4.04305126783455,23744.0,0.2664359861591695,74.3649114581204
252.5,0.0,0.0,185.7,0.0,1111.6,784.3,7,0.7354455154279004,2.0794415416798357,1767.5,0.0,11.483912255999998
298.1,0.0,4.686750172980514,163.6,2.624668592163159,953.2,784.0,28,0.4033530472546093,3.367295829986474,8346.800000000001,0.2650394477317554,35.86585204399999
166.09,0.0,5.101511415553109,176.46,1.7029282555214393,1058.6,780.09,28,0.5357663184428493,3.367295829986474,4650.52,0.4957189701238766,21.53923024
149.0,4.700480365792417,4.941642422609304,193.0,1.9459101490553132,892.0,780.0,28,0.48614608347239086,3.367295829986474,4172.0,0.6246851385390428,28.7
387.0,3.044522437723423,4.553876891600541,157.0,2.729159164312445,938.0,845.0,28,0.3133732472380589,3.367295829986474,10836.0,0.2275449101796407,50.23522136
167.95,3.7630588522881876,5.1049146397432645,121.75,1.9050881545350582,1058.7,780.11,100,0.3256566542112916,4.61512051684126,16795.0,0.5507676670411384,39.2311844
310.0,4.9684234452869465,0.0,167.9,2.3978952727983707,914.3,804.0,28,0.3708038787366635,3.367295829986474,8680.0,0.31537102473498235,45.304778483999996
313.0,4.983606621708336,0.0,178.0,2.1972245773362196,1002.0,689.0,28,0.3886462797238804,3.367295829986474,8764.0,0.3165938864628821,41.05140104
389.9,5.247024072160486,0.0,145.9,3.1354942159291497,944.7,755.8,3,0.25202970716825523,1.3862943611198906,1169.6999999999998,0.3264812575574365,40.59634688
295.8,0.0,0.0,185.7,0.0,1091.4,769.3,7,0.6277890254297152,2.0794415416798357,2070.6,0.0,14.843728804
249.1,0.0,4.602667055769973,158.11,2.624668592163159,987.76,889.01,28,0.45453498765171807,3.367295829986474,6974.8,0.28388673278712084,30.84715624
251.37,0.0,4.7813898305905775,188.45,1.9095425048844383,1028.4,757.73,56,0.5098203519689333,4.04305126783455,14076.720000000001,0.31995996104317714,36.96970312
116.0,5.159055299214529,0.0,192.0,0.0,909.8,891.9,3,0.6643598386034658,1.3862943611198906,348.0,0.5986159169550173,6.280436883999999
252.0,0.0,0.0,185.0,0.0,1111.0,784.0,7,0.734126954994962,2.0794415416798357,1764.0,0.0,13.71367764
251.37,0.0,4.7813898305905775,188.45,1.9095425048844383,1028.4,757.73,100,0.5098203519689333,4.61512051684126,25137.0,0.31995996104317714,43.58177796
165.0,0.019802627296179712,4.973763819320351,163.81,0.0,1005.6,900.9,14,0.5308337752087309,2.70805020110221,2310.0,0.4653099581969603,16.87837248
143.0,4.882801922586371,5.1298987149230735,217.0,1.9459101490553132,891.0,672.0,28,0.490950215136873,3.367295829986474,4004.0,0.6764705882352942,26.42
310.0,0.0,0.0,192.0,0.0,1012.0,830.0,120,0.6193548187304898,4.795790545596741,37200.0,0.0,38.70028788
145.7,5.15675380222625,0.0,181.9,1.4816045409242156,985.8,816.8,28,0.5714734347636371,3.367295829986474,4079.5999999999995,0.5422557335846686,23.744174488
153.1,4.983606621708336,4.736198448394496,178.5,2.1972245773362196,1001.9,688.7,28,0.4342009137873774,3.367295829986474,4286.8,0.627584529311603,25.559564796
284.0,2.772588722239781,4.955827057601261,179.0,1.8656293177945105,842.0,801.0,7,0.4068181725723143,2.0794415416798357,1988.0,0.35454545454545455,24.13166
214.9,4.00369019395397,4.811289646296506,155.63,2.361796952625892,1014.3,780.58,28,0.39844849078449296,3.367295829986474,6017.2,0.4498067026805602,52.20022796
349.0,0.0,0.0,192.0,0.0,1056.0,809.0,90,0.5501432507122278,4.51085950651685,31410.0,0.0,40.65839972
200.0,4.897839799950911,0.0,192.0,0.0,965.4,806.2,90,0.5765765592619653,4.51085950651685,18000.0,0.3993993993993994,43.25082948
323.7,5.648269764725942,0.0,183.8,2.424802725718295,942.7,659.9,7,0.3030502835441009,2.0794415416798357,2265.9,0.4662819455894477,49.80085148
252.31,0.0,4.602667055769973,146.25,2.719319793360441,987.76,889.01,28,0.4165954419017991,3.367295829986474,7064.68,0.28129094741639604,50.60064364
331.0,0.0,0.0,192.0,0.0,978.0,825.0,90,0.5800604054362416,4.51085950651685,29790.0,0.0,37.231704
475.0,0.0,0.0,228.0,0.0,932.0,594.0,270,0.4799999898947371,5.602118820879701,128250.0,0.0,42.131120456
285.0,5.25227342804663,0.0,163.0,2.151762203259462,1031.0,685.0,28,0.34315788751246556,3.367295829986474,7980.0,0.4,53.57917996
155.0,0.0,4.969813299576001,193.0,2.302585092994046,1047.0,697.0,28,0.6476509849781549,3.367295829986474,4340.0,0.4798657718120805,12.45883132
500.0,0.0,0.0,200.0,0.0,1125.0,613.0,3,0.3999999920000002,1.3862943611198906,1500.0,0.0,26.0621928
318.0,4.844187086458591,0.0,210.0,1.9459101490553132,861.0,737.0,28,0.4729729623204288,3.367295829986474,8904.0,0.28378378378378377,31.77
218.85,0.0,4.829353196876964,158.49,2.512035317176253,1078.7,794.91,3,0.46209690179902907,1.3862943611198906,656.55,0.3619161467140941,15.340841
310.0,0.0,0.0,192.0,0.0,970.0,850.0,7,0.6193548187304898,2.0794415416798357,2170.0,0.0,14.98920824
186.2,4.829113417472866,0.0,185.7,0.0,1083.4,764.3,28,0.5984530906073772,3.367295829986474,5213.599999999999,0.3999355462455688,17.596806471999997
218.85,0.0,4.829353196876964,158.49,2.512035317176253,1078.7,794.91,100,0.46209690179902907,4.61512051684126,21885.0,0.3619161467140941,46.2293658
425.0,4.675628649636653,0.0,153.5,2.8622008809294686,852.1,887.1,91,0.28891397912828953,4.5217885770490405,38675.0,0.2000752870318088,65.19685056
139.6,5.349010480863555,0.0,192.0,0.0,1047.0,806.9,28,0.5501432507122278,3.367295829986474,3908.7999999999997,0.6,28.23748958
249.1,0.0,4.602667055769973,158.11,2.624668592163159,987.76,889.01,100,0.45453498765171807,4.61512051684126,24910.0,0.28388673278712084,51.0556978
231.75,0.0,4.809090142334542,173.96,2.0438143640366846,1056.4,778.45,100,0.4922885221640626,4.61512051684126,23175.0,0.34417183122506156,45.83636448
272.6,0.0,4.506454213048934,198.7,2.451005098112319,931.3,762.2,28,0.54859192300961,3.367295829986474,7632.800000000001,0.24737713970182215,32.245413568000004
359.0,2.995732273553991,4.955827057601261,154.0,2.477378383367209,942.0,801.0,56,0.2967244644176404,4.04305126783455,20104.0,0.30828516377649323,66.78067543054136
387.0,3.044522437723423,4.553876891600541,157.0,2.703372611551099,938.0,845.0,7,0.3133732472380589,2.0794415416798357,2709.0,0.2275449101796407,45.89841732
280.0,4.867534450455582,4.61512051684126,172.0,2.302585092994046,825.0,805.0,28,0.33791747862637567,3.367295829986474,7840.0,0.449901768172888,52.82075636
380.0,4.564348191467836,0.0,228.0,0.0,932.0,594.0,270,0.4799999898947371,5.602118820879701,102600.0,0.2,41.15137506
281.0,0.0,0.0,186.0,0.0,1104.0,774.0,28,0.6619216846291216,3.367295829986474,7868.0,0.0,22.435549039999998
297.16,0.0,4.775250456359692,174.8,2.3532782073095637,1022.8,753.45,56,0.42150951479359744,4.04305126783455,16640.960000000003,0.2834338075717386,51.95891136
287.0,4.804021044733257,4.553876891600541,188.0,2.302585092994046,904.0,696.0,28,0.3745019845716736,3.367295829986474,8036.0,0.42828685258964144,41.940825079999996
294.0,4.672828834461906,4.919980925828125,207.0,1.9459101490553132,747.0,778.0,28,0.3861940226456339,3.367295829986474,8232.0,0.45149253731343286,41.27
166.09,0.0,5.101511415553109,176.46,1.7029282555214393,1058.6,780.09,3,0.5357663184428493,1.3862943611198906,498.27,0.4957189701238766,10.76272036
168.88,3.76630335107874,4.830311739964974,158.33,2.4706386779902956,1080.8,796.15,14,0.47213357769096237,2.70805020110221,2364.3199999999997,0.49640673922767253,23.5111316
313.3,5.572914199451162,0.0,175.5,2.2617630984737906,1046.9,611.8,91,0.3049522101659043,4.5217885770490405,28510.3,0.4556038227628149,66.59648684
214.9,4.00369019395397,4.811289646296506,155.63,2.361796952625892,1014.3,780.58,100,0.39844849078449296,4.61512051684126,21490.0,0.4498067026805602,56.63355864
132.0,5.337538079701318,5.087596335232384,179.0,1.791759469228055,867.0,736.0,28,0.35799999284000017,3.367295829986474,3696.0,0.736,33.301690799999996
362.6,5.247024072160486,0.0,164.9,2.533696813957432,944.7,755.8,7,0.29894850799585737,2.0794415416798357,2538.2000000000003,0.3426395939086294,22.89749796
148.0,5.198497031265826,0.0,183.0,2.4849066497880004,972.0,757.0,28,0.557926812258329,3.367295829986474,4144.0,0.5487804878048781,18.52
178.03,4.873669439023098,4.784152841516532,179.94,1.5195132049061133,1007.3,746.8,14,0.42196842572125726,2.70805020110221,2492.42,0.5825106113547358,34.23937816
355.0,2.995732273553991,4.584967478670572,145.0,2.583997552432231,967.0,871.0,28,0.3078556197907512,3.367295829986474,9940.0,0.24628450106157113,55.45455468
155.0,5.220355825078325,4.969813299576001,194.0,2.302585092994046,880.0,699.0,28,0.4024896182056096,3.367295829986474,4340.0,0.6784232365145229,28.98557104
381.4,0.0,0.0,185.7,0.0,1104.6,784.3,7,0.4868903910096909,2.0794415416798357,2669.7999999999997,0.0,14.54104884
250.0,0.0,4.5715099844954565,191.84,1.8453002361560848,948.9,857.2,3,0.554948058811419,1.3862943611198906,750.0,0.2768087014377043,8.48744956
397.0,0.0,0.0,185.0,0.0,1040.0,734.0,28,0.46599495047871664,3.367295829986474,11116.0,0.0,39.0932892
236.9,4.529368472571809,4.283586561860629,246.9,1.9459101490553132,852.9,695.4,28,0.6170957106449461,3.367295829986474,6633.2,0.4078980254936265,28.629801423999997
322.0,5.0106352940962555,0.0,186.0,2.1972245773362196,951.0,709.0,28,0.3949044502143429,3.367295829986474,9016.0,0.31634819532908703,52.42086028
277.0,0.0,0.0,191.0,0.0,968.0,856.0,360,0.689530661027774,5.8888779583328805,99720.0,0.0,33.70158688
273.0,4.418840607796598,4.663439094112067,210.0,2.302585092994046,904.0,680.0,28,0.4565217292060494,3.367295829986474,7644.0,0.40652173913043477,34.99
214.9,4.00369019395397,4.811289646296506,155.63,2.361796952625892,1014.3,780.58,14,0.39844849078449296,2.70805020110221,3008.6,0.4498067026805602,38.60376124
266.0,4.74493212836325,0.0,228.0,0.0,932.0,670.0,90,0.5999999842105268,4.51085950651685,23940.0,0.3,47.029847436000004
289.0,4.903050083416319,0.0,194.9,1.8718021769015913,924.1,760.1,28,0.46108349985608,3.367295829986474,8092.0,0.31629997634255974,46.247292176
159.0,5.236441962829949,0.0,176.0,2.4849066497880004,990.0,789.0,28,0.5086705055297542,3.367295829986474,4452.0,0.5404624277456648,32.763899519999995
165.0,4.863680881139593,4.891100725401066,175.06,2.206074192613202,1005.8,746.6,14,0.41132517830532944,2.70805020110221,2310.0,0.612312030075188,33.08795324
172.38,2.681706225762608,5.155428038997797,156.76,1.6370530794670737,1006.3,856.4,28,0.43743720176813256,3.367295829986474,4826.639999999999,0.5189753320683113,33.68779736
362.6,5.247024072160486,0.0,164.9,2.533696813957432,944.7,755.8,56,0.29894850799585737,4.04305126783455,20305.600000000002,0.3426395939086294,77.29715436
102.0,5.0369526024136295,0.0,192.0,0.0,887.0,942.0,90,0.7529411469434845,4.51085950651685,9180.0,0.6,25.460969728000002
290.35,0.0,4.576564928977757,168.08,2.3427668826268775,961.18,865.0,3,0.4348433385547477,1.3862943611198906,871.0500000000001,0.2488293276071715,22.50449664
446.0,3.2188758248682006,4.382026634673881,162.0,2.5368663887187113,967.0,712.0,28,0.29508196183821567,3.367295829986474,12488.0,0.18761384335154827,44.42293868
194.3,0.26236426446749106,5.484796933490655,234.2,2.2925347571405443,780.6,811.3,28,0.5388863198599558,3.367295829986474,5440.400000000001,0.5529222273354809,38.46
297.16,0.0,4.775250456359692,174.8,2.3532782073095637,1022.8,753.45,100,0.42150951479359744,4.61512051684126,29716.000000000004,0.2834338075717386,56.7438748
172.0,5.094363509626968,5.4785534168509695,166.0,2.128231705849268,953.3,641.4,28,0.2899056882657058,3.367295829986474,4816.0,0.6996157876353476,41.54
427.5,3.8815637979434374,0.0,228.0,0.0,932.0,594.0,90,0.4799999898947371,4.51085950651685,38475.0,0.1,41.542997428
192.0,5.666426688112432,0.0,192.0,0.0,929.8,716.1,3,0.3999999916666669,1.3862943611198906,576.0,0.6,12.788400847999998
165.0,0.019802627296179712,4.973763819320351,163.81,0.0,1005.6,900.9,100,0.5308337752087309,4.61512051684126,16500.0,0.4653099581969603,37.9556538
260.0,4.624972813284271,4.3694478524670215,171.0,2.3978952727983707,936.0,763.0,28,0.3895216312181861,3.367295829986474,7280.0,0.40774487471526194,49.77327244
182.04,3.833196224882175,4.811940423184356,170.21,2.2181159363675955,1059.4,780.65,100,0.4874004785693695,4.61512051684126,18204.0,0.47872401351583527,48.67011084
310.0,0.0,0.0,192.0,0.0,970.0,850.0,180,0.6193548187304898,5.198497031265826,55800.0,0.0,37.32823064
350.0,0.0,0.0,186.0,0.0,1050.0,770.0,28,0.5314285562448985,3.367295829986474,9800.0,0.0,34.29453624
143.8,4.922168312773925,4.674696248636701,178.1,2.1400661634962708,941.5,774.3,28,0.46104063005331014,3.367295829986474,4026.4000000000005,0.6277504530157908,26.147687824
385.0,0.0,0.0,186.0,0.0,966.0,763.0,3,0.48311687056839303,1.3862943611198906,1155.0,0.0,14.699628319999999
516.0,0.0,0.0,162.0,2.2192034840549946,801.0,802.0,28,0.31395348228772324,3.367295829986474,14448.0,0.0,41.36856
289.0,0.0,0.0,192.0,0.0,913.2,895.3,28,0.6643598386034658,3.367295829986474,8092.0,0.0,25.573354316
213.74,0.0,5.169005630067697,154.79,2.412335956953165,1053.5,776.35,28,0.3984503604188025,3.367295829986474,5984.72,0.44980436573311366,40.14818748
167.95,3.7630588522881876,5.1049146397432645,121.75,1.9050881545350582,1058.7,780.11,3,0.3256566542112916,1.3862943611198906,503.84999999999997,0.5507676670411384,7.74971024
255.0,0.0,0.0,192.0,0.0,889.8,945.0,28,0.7529411469434845,3.367295829986474,7140.0,0.0,18.746162964
349.0,0.0,0.0,192.0,0.0,1047.0,806.9,3,0.5501432507122278,1.3862943611198906,1047.0,0.0,15.049192651999999
140.0,0.8754687373538999,5.293807211070151,174.9,1.6863989535702286,1049.9,780.5,28,0.5151693515414035,3.367295829986474,3920.0,0.5876288659793815,30.83
381.4,0.0,0.0,185.7,0.0,1104.6,784.3,28,0.4868903910096909,3.367295829986474,10679.199999999999,0.0,22.489328168
160.0,0.0,5.5254529391317835,168.0,2.5649493574615367,1049.0,688.0,28,0.4097560875669247,3.367295829986474,4480.0,0.6097560975609756,37.66
194.68,0.0,4.620255823406132,165.62,2.1377104498038118,1006.4,905.9,14,0.5610433414280712,2.70805020110221,2725.52,0.34051490514905147,24.986610239999997
181.38,0.0,5.124023501441311,169.59,2.1471001901536506,1055.6,777.8,28,0.48678204062165853,3.367295829986474,5078.639999999999,0.47937656075088264,27.77209328
388.6,4.585987366571318,0.0,157.9,2.5726122302071057,852.1,925.7,7,0.32509779030064256,2.0794415416798357,2720.2000000000003,0.19991764463660694,34.90127512
145.0,0.0,4.90527477843843,181.0,2.4849066497880004,979.0,812.0,28,0.648745496460735,3.367295829986474,4060.0,0.48028673835125446,13.19657064
238.1,0.0,0.0,185.7,0.0,1118.8,789.3,7,0.7799243687558014,2.0794415416798357,1666.7,0.0,10.335934715999999
218.85,0.0,4.829353196876964,158.49,2.512035317176253,1078.7,794.91,28,0.46209690179902907,3.367295829986474,6127.8,0.3619161467140941,30.219733079999997
291.0,4.663439094112067,0.0,205.0,1.9459101490553132,859.0,797.0,28,0.5176767546041224,3.367295829986474,8148.0,0.26515151515151514,27.62
212.07,0.0,4.809090142334542,180.31,1.900613874140137,1057.6,779.32,100,0.5403518073555754,4.61512051684126,21207.0,0.36447001708172255,39.6103962
333.0,0.0,0.0,192.0,0.0,931.2,842.6,90,0.5765765592619653,4.51085950651685,29970.0,0.0,41.680203152
313.8,0.0,4.732683506287051,169.9,2.4069451083182885,925.3,782.9,28,0.39845214825393654,3.367295829986474,8786.4,0.26407129455909945,38.461039708
401.8,4.5612182984589085,0.0,147.4,2.517696472610991,946.8,852.1,28,0.2968781410497857,3.367295829986474,11250.4,0.19073514602215508,68.4994406
258.8,4.48863636973214,5.483135803540579,175.3,2.151762203259462,938.9,646.0,28,0.2989426961298995,3.367295829986474,7246.400000000001,0.5586630286493861,50.5
210.7,5.759217181544302,0.0,185.7,0.0,977.0,689.3,7,0.3525056880693681,2.0794415416798357,1474.8999999999999,0.6000379650721337,21.819846971999997
186.2,4.829113417472866,0.0,185.7,0.0,1083.4,764.3,7,0.5984530906073772,2.0794415416798357,1303.3999999999999,0.3999355462455688,7.995853172
167.95,3.7630588522881876,5.1049146397432645,121.75,1.9050881545350582,1058.7,780.11,56,0.3256566542112916,4.04305126783455,9405.199999999999,0.5507676670411384,32.8535314
159.8,5.5254529391317835,0.0,168.4,2.580216829592325,1049.3,688.2,28,0.4109321520026317,3.367295829986474,4474.400000000001,0.6100536847242557,39.455953576
350.0,0.0,0.0,203.0,0.0,974.0,775.0,56,0.579999983428572,4.04305126783455,19600.0,0.0,29.97841648
425.0,4.675628649636653,0.0,153.5,2.8622008809294686,852.1,887.1,56,0.28891397912828953,4.04305126783455,23800.0,0.2000752870318088,64.30053176
266.0,4.74493212836325,0.0,228.0,0.0,932.0,670.0,270,0.5999999842105268,5.602118820879701,71820.0,0.3,51.732763231999996
237.5,5.474369310328396,0.0,228.0,0.0,932.0,594.0,365,0.4799999898947371,5.902633333401366,86687.5,0.5,38.995383608
154.0,4.955827057601261,5.204006687076795,234.0,2.4849066497880004,797.0,683.0,28,0.49159662832780193,3.367295829986474,4312.0,0.6764705882352942,33.51
190.68,0.0,4.839451481712757,162.14,2.1713368063840917,1090.0,804.01,14,0.5129713834164963,2.70805020110221,2669.52,0.39673500379650717,21.063491799999998
297.8,4.92870191133357,4.681204872264089,201.3,1.9459101490553132,878.4,655.3,28,0.3714707442061129,3.367295829986474,8338.4,0.45045211293596604,53.524711356
540.0,0.0,0.0,173.0,0.0,1125.0,613.0,270,0.3203703644375859,5.602118820879701,145800.0,0.0,74.16693332
200.0,4.897839799950911,0.0,192.0,0.0,965.4,806.2,7,0.5765765592619653,2.0794415416798357,1400.0,0.3993993993993994,17.165883972
475.0,0.0,0.0,228.0,0.0,932.0,594.0,90,0.4799999898947371,4.51085950651685,42750.0,0.0,42.229026048
333.0,0.0,0.0,192.0,0.0,931.2,842.6,28,0.5765765592619653,3.367295829986474,9324.0,0.0,31.966865263999996
150.0,5.471429984256681,0.0,173.8,2.5572273113676265,1069.3,674.8,28,0.4493278063772543,3.367295829986474,4200.0,0.6122026887280249,37.431652039999996
248.3,4.624972813284271,5.481055503227208,168.9,2.1633230256605382,954.2,640.6,28,0.28704962122621314,3.367295829986474,6952.400000000001,0.5780081577158396,49.97
375.0,0.0,0.0,186.0,0.0,1038.0,758.0,28,0.49599998677333373,3.367295829986474,10500.0,0.0,38.21075992
136.0,5.093750200806762,4.844187086458591,172.0,2.3978952727983707,923.0,764.0,28,0.4056603677910291,3.367295829986474,3808.0,0.6792452830188679,29.06830816
305.0,0.0,4.61512051684126,196.0,2.3978952727983707,959.0,705.0,28,0.483950605334553,3.367295829986474,8540.0,0.24691358024691357,30.12320644
139.6,5.349010480863555,0.0,192.0,0.0,1047.0,806.9,90,0.5501432507122278,4.51085950651685,12564.0,0.6,39.358047983999995
427.5,3.8815637979434374,0.0,228.0,0.0,932.0,594.0,365,0.4799999898947371,5.902633333401366,156037.5,0.1,43.698299404
237.5,5.474369310328396,0.0,228.0,0.0,932.0,594.0,90,0.4799999898947371,4.51085950651685,21375.0,0.5,33.116911232
156.0,5.497168225293202,0.0,180.0,2.4849066497880004,1022.0,698.0,28,0.45112780824241083,3.367295829986474,4368.0,0.6090225563909775,37.36270444
531.3,0.0,0.0,141.8,3.374168709274236,852.1,893.7,56,0.26689252273870656,4.04305126783455,29752.799999999996,0.0,58.798513279999995
194.68,0.0,4.620255823406132,165.62,2.1377104498038118,1006.4,905.9,100,0.5610433414280712,4.61512051684126,19468.0,0.34051490514905147,37.34202016
491.0,3.295836866004329,4.820281565605037,210.0,1.5953389880545987,882.0,699.0,28,0.32812499487304697,3.367295829986474,13748.0,0.2328125,55.55108132
321.0,5.10594547390058,0.0,190.0,1.791759469228055,870.0,774.0,28,0.3917525692422151,3.367295829986474,8988.0,0.33814432989690724,57.21271848
313.0,0.0,0.0,178.0,2.1972245773362196,1000.0,822.0,28,0.5686900776776334,3.367295829986474,8764.0,0.0,25.0969264
212.0,4.957937505095806,0.0,203.5,0.0,973.4,750.0,28,0.575997719332077,3.367295829986474,5936.0,0.39994339088593267,33.003837168
531.3,0.0,0.0,141.8,3.374168709274236,852.1,893.7,91,0.26689252273870656,4.5217885770490405,48348.299999999996,0.0,59.19840936
178.03,4.873669439023098,4.784152841516532,179.94,1.5195132049061133,1007.3,746.8,100,0.42196842572125726,4.61512051684126,17803.0,0.5825106113547358,49.99390476
362.6,5.247024072160486,0.0,164.9,2.533696813957432,944.7,755.8,3,0.29894850799585737,1.3862943611198906,1087.8000000000002,0.3426395939086294,35.3011712
251.37,0.0,4.7813898305905775,192.94,1.9095425048844383,1043.6,754.3,56,0.521967305433197,4.04305126783455,14076.720000000001,0.31995996104317714,39.2656582
525.0,0.0,0.0,189.0,0.0,1125.0,613.0,28,0.3599999931428573,3.367295829986474,14700.0,0.0,55.94408264
362.6,5.247024072160486,0.0,164.9,2.533696813957432,944.7,755.8,91,0.29894850799585737,4.5217885770490405,32996.6,0.3426395939086294,79.29663476
229.97,0.0,4.781725147887709,195.47,1.728109442151599,1029.4,758.59,3,0.5612438106912884,1.3862943611198906,689.91,0.33969794418284144,10.0318758
154.0,4.976733742420574,4.727387818712341,220.0,2.3978952727983707,923.0,658.0,28,0.5365853527662109,3.367295829986474,4312.0,0.624390243902439,16.49916068
313.0,4.983606621708336,0.0,178.0,2.1972245773362196,867.0,824.0,28,0.3886462797238804,3.367295829986474,8764.0,0.3165938864628821,44.38846488
295.71,0.0,4.570992734186505,171.54,2.28949985344539,955.14,859.2,14,0.43832885043237896,2.70805020110221,4139.94,0.24438482177079343,35.2322236
250.0,0.0,4.5715099844954565,191.84,1.8453002361560848,948.9,857.2,100,0.554948058811419,4.61512051684126,25000.0,0.2768087014377043,41.1617172
212.52,0.0,4.618777189394308,159.32,2.2731562823032334,1007.8,903.59,100,0.5091885164374536,4.61512051684126,21252.0,0.3207836619898367,42.919881
308.0,4.718498871295094,4.962844630259907,217.0,2.3978952727983707,783.0,686.0,28,0.38680926226721457,3.367295829986474,8624.0,0.45098039215686275,42.08
275.07,0.0,4.806885789888681,159.48,2.388762789235098,1053.6,777.5,14,0.402300580134691,2.70805020110221,3850.98,0.3061147268049039,38.76923548
500.1,0.0,0.0,200.0,1.3862943611198906,1124.4,613.2,28,0.3999200079999998,3.367295829986474,14002.800000000001,0.0,44.13335876
295.0,0.0,0.0,185.0,0.0,1069.0,769.0,7,0.6271186228095382,2.0794415416798357,2065.0,0.0,14.796154959999999
288.4,4.804021044733257,0.0,177.4,2.0794415416798357,907.9,829.5,28,0.433317038756301,3.367295829986474,8075.199999999999,0.29555446995603324,42.14008364399999
151.0,0.0,5.225746673713202,167.0,2.833213344056216,1074.0,678.0,28,0.4970237947314347,3.367295829986474,4228.0,0.5505952380952381,13.45857152
212.07,0.0,4.809090142334542,180.31,1.900613874140137,1057.6,779.32,56,0.5403518073555754,4.04305126783455,11875.92,0.36447001708172255,34.20490436
149.0,5.4680601411351315,0.0,176.0,2.639057329615259,847.0,893.0,28,0.45714284526901705,3.367295829986474,4172.0,0.612987012987013,32.956952799999996
203.5,4.917788743729904,0.0,185.7,0.0,1076.2,759.3,7,0.5474646065016331,2.0794415416798357,1424.5,0.40005896226415094,11.957582268
102.0,5.0369526024136295,0.0,192.0,0.0,887.0,942.0,28,0.7529411469434845,3.367295829986474,2856.0,0.6,17.275510655999998
172.38,2.681706225762608,5.155428038997797,156.76,1.6370530794670737,1006.3,856.4,100,0.43743720176813256,4.61512051684126,17238.0,0.5189753320683113,37.6798634
200.0,0.0,0.0,180.0,0.0,1125.0,845.0,7,0.8999999550000022,2.0794415416798357,1400.0,0.0,7.8393421199999995
387.0,3.044522437723423,4.553876891600541,157.0,2.729159164312445,938.0,845.0,56,0.3133732472380589,4.04305126783455,21672.0,0.2275449101796407,56.33708396
379.5,5.025195445427586,0.0,153.9,2.827313621929028,1134.3,605.0,7,0.28999434162437643,2.0794415416798357,2656.5,0.2849067269643866,47.09810556
159.0,5.0106352940962555,4.762173934797756,175.0,2.772588722239781,953.0,720.0,28,0.412735839322268,3.367295829986474,4452.0,0.625,27.67556664
298.2,0.0,4.68213122712422,209.7,2.4932054526026954,879.6,744.2,28,0.5175221984816831,3.367295829986474,8349.6,0.26406712734452126,31.875164956000003
261.0,4.3694478524670215,4.61512051684126,201.0,2.302585092994046,864.0,761.0,28,0.4578587595020784,3.367295829986474,7308.0,0.4054669703872437,34.18
298.0,4.927253685157205,4.68213122712422,201.0,1.9459101490553132,878.0,655.0,28,0.37084870164485795,3.367295829986474,8344.0,0.45018450184501846,53.52402188
165.0,0.0,5.017279836814924,182.0,2.5649493574615367,1023.0,729.0,28,0.5777777594356267,3.367295829986474,4620.0,0.47619047619047616,18.0297974
137.0,5.123963979403259,5.3706380281276624,226.0,1.9459101490553132,708.0,757.0,28,0.4362934278707833,3.367295829986474,3836.0,0.7355212355212355,34.45
192.0,5.666426688112432,0.0,192.0,0.0,929.8,716.1,7,0.3999999916666669,2.0794415416798357,1344.0,0.6,21.48062478
314.0,0.0,5.087596335232384,207.0,1.9459101490553132,851.0,757.0,28,0.4357894645096955,3.367295829986474,8792.0,0.3389473684210526,41.14
213.72,4.59562477314456,3.23907053215372,181.71,2.061786606441115,1065.8,785.38,3,0.5403532609624938,1.3862943611198906,641.16,0.36445818960390153,17.9953236
246.83,0.0,4.836916626109569,143.3,2.5641798306825083,1086.8,800.89,14,0.3853082631467758,2.70805020110221,3455.6200000000003,0.33631792638003816,42.21661548
385.0,0.0,0.0,186.0,0.0,966.0,763.0,7,0.48311687056839303,2.0794415416798357,2695.0,0.0,23.221551679999997
436.0,0.0,0.0,218.0,0.0,838.4,719.7,28,0.49999998853211036,3.367295829986474,12208.0,0.0,23.84897484
446.0,3.2188758248682006,4.382026634673881,162.0,2.534490149976828,967.0,712.0,56,0.29508196183821567,4.04305126783455,24976.0,0.18761384335154827,61.06688932
385.0,0.0,0.0,186.0,0.0,966.0,763.0,14,0.48311687056839303,2.70805020110221,5390.0,0.0,27.923778
275.07,0.0,4.806885789888681,159.48,2.388762789235098,1053.6,777.5,28,0.402300580134691,3.367295829986474,7701.96,0.3061147268049039,51.331488199999995
310.0,4.969813299576001,0.0,168.0,2.3978952727983707,914.0,804.0,28,0.37086091896554263,3.367295829986474,8680.0,0.31567328918322296,45.2985732
167.95,3.7630588522881876,5.1049146397432645,121.75,1.9050881545350582,1058.7,780.11,28,0.3256566542112916,3.367295829986474,4702.599999999999,0.5507676670411384,24.24197616
287.0,4.553876891600541,4.804021044733257,188.0,2.302585092994046,904.0,696.0,28,0.3745019845716736,3.367295829986474,8036.0,0.42828685258964144,43.01
393.0,0.0,0.0,192.0,0.0,940.6,785.6,28,0.48854960588932306,3.367295829986474,11004.0,0.0,39.604880392
250.0,5.198497031265826,4.564348191467836,159.0,2.34660197841082,860.0,800.0,28,0.3028571370884355,3.367295829986474,7000.0,0.5238095238095238,67.86512268
446.0,3.2188758248682006,4.382026634673881,162.0,2.5368663887187113,967.0,712.0,3,0.29508196183821567,1.3862943611198906,1338.0,0.18761384335154827,25.021084039999998
165.0,0.019802627296179712,4.973763819320351,163.81,0.0,1005.6,900.9,28,0.5308337752087309,3.367295829986474,4620.0,0.4653099581969603,26.200088
252.31,0.0,4.602667055769973,146.25,2.719319793360441,987.76,889.01,100,0.4165954419017991,4.61512051684126,25231.0,0.28129094741639604,60.949678399999996
173.54,3.9328055446106744,5.162096646636745,164.77,2.010894999144726,1006.2,793.5,14,0.41491235860917713,2.70805020110221,2429.56,0.5630036261079774,33.00521612
318.8,5.363636832668679,0.0,155.7,2.72785282839839,852.1,880.4,56,0.293054765799835,4.04305126783455,17852.8,0.39996235648409567,66.10006412
307.0,0.0,0.0,193.0,0.0,968.0,812.0,3,0.6286644746363363,1.3862943611198906,921.0,0.0,12.541568439999999
166.8,5.526249434594043,0.0,203.5,0.0,975.6,692.6,7,0.4880095806232715,2.0794415416798357,1167.6000000000001,0.6,15.748321315999998
141.3,5.3612921657094255,0.0,203.5,0.0,971.8,748.5,90,0.575997719332077,4.51085950651685,12717.000000000002,0.6000566091140673,39.6621069
304.0,4.343805421853684,0.0,228.0,0.0,932.0,670.0,28,0.5999999842105268,3.367295829986474,8512.0,0.2,47.813781648
316.1,5.35517017814082,0.0,185.7,0.0,977.0,689.3,7,0.3525056880693681,2.0794415416798357,2212.7000000000003,0.39996203492786636,24.437787344
213.76,4.595725727160092,3.239462458476589,181.74,2.0347056478384444,1066.0,785.52,56,0.5403460623076036,4.04305126783455,11970.56,0.36445263721234467,47.13257936
251.37,0.0,4.7813898305905775,188.45,1.9947003132247452,1028.4,757.73,56,0.5098203519689333,4.04305126783455,14076.720000000001,0.31995996104317714,36.63875464
252.31,0.0,4.602667055769973,146.25,2.719319793360441,987.76,889.01,3,0.4165954419017991,1.3862943611198906,756.9300000000001,0.28129094741639604,21.78054684
198.6,4.893352133481524,0.0,192.0,0.0,978.4,825.5,360,0.5800604054362416,5.8888779583328805,71496.0,0.4,44.296075096
160.0,4.990432586778736,5.241747015059643,203.0,2.4849066497880004,829.0,710.0,28,0.4109311657706242,3.367295829986474,4480.0,0.6761133603238867,33.51
246.83,0.0,4.836916626109569,143.3,2.5641798306825083,1086.8,800.89,56,0.3853082631467758,4.04305126783455,13822.480000000001,0.33631792638003816,60.32225524
212.52,0.0,4.618777189394308,159.32,2.2731562823032334,1007.8,903.59,14,0.5091885164374536,2.70805020110221,2975.28,0.3207836619898367,26.310404159999997
475.0,4.785823685681349,0.0,181.1,2.2925347571405443,852.1,781.5,7,0.30498483824545575,2.0794415416798357,3325.0,0.20006736274840015,55.59934464
248.0,4.624972813284271,5.484381909620826,169.1,2.1633230256605382,949.9,644.1,28,0.2871455206801576,3.367295829986474,6944.0,0.5788758702665987,50.23
136.0,5.2832037287379885,4.59511985013459,199.0,1.9459101490553132,847.0,783.0,28,0.4627906869118445,3.367295829986474,3808.0,0.6837209302325581,26.96540636
475.0,4.785823685681349,0.0,181.1,2.2925347571405443,852.1,781.5,3,0.30498483824545575,1.3862943611198906,1425.0,0.20006736274840015,37.79707432
233.81,0.0,4.559963593150012,197.89,1.7168563092013707,947.04,852.16,3,0.6026066383688103,1.3862943611198906,701.4300000000001,0.28801120618776455,10.38350856
122.6,5.219815138393079,0.0,203.5,0.0,958.2,800.1,90,0.6639477760539062,4.51085950651685,11034.0,0.6,33.192064116000005
425.0,4.675628649636653,0.0,153.5,2.8622008809294686,852.1,887.1,7,0.28891397912828953,2.0794415416798357,2975.0,0.2000752870318088,49.20100736
425.0,4.675628649636653,0.0,153.5,2.8622008809294686,852.1,887.1,28,0.28891397912828953,3.367295829986474,11900.0,0.2000752870318088,60.2946762
194.68,0.0,4.620255823406132,165.62,2.1377104498038118,1006.4,905.9,3,0.5610433414280712,1.3862943611198906,584.04,0.34051490514905147,12.45193656
151.8,5.187944309066666,4.939497266262916,167.5,2.9601050959108397,944.0,694.6,28,0.35744770897465417,3.367295829986474,4250.400000000001,0.676056338028169,36.349864196
237.5,5.474369310328396,0.0,228.0,0.0,932.0,594.0,28,0.4799999898947371,3.367295829986474,6650.0,0.5,30.079769451999997
350.0,0.0,0.0,203.0,0.0,974.0,775.0,28,0.579999983428572,3.367295829986474,9800.0,0.0,27.337723399999998
299.8,0.0,4.794136285500715,211.5,2.388762789235098,878.2,727.6,28,0.5040514655850461,3.367295829986474,8394.4,0.28551000953288846,23.835874796
172.38,2.681706225762608,5.155428038997797,156.76,1.6370530794670737,1006.3,856.4,14,0.43743720176813256,2.70805020110221,2413.3199999999997,0.5189753320683113,29.7508894
155.0,5.214935757608986,0.0,193.0,2.302585092994046,877.0,868.0,28,0.5710059002660977,3.367295829986474,4340.0,0.5414201183431953,23.786922
213.72,4.59562477314456,3.23907053215372,181.71,2.061786606441115,1065.8,785.38,14,0.5403532609624938,2.70805020110221,2992.08,0.36445818960390153,30.38520732
200.0,4.897839799950911,0.0,192.0,0.0,965.4,806.2,3,0.5765765592619653,1.3862943611198906,600.0,0.3993993993993994,11.414275179999999
166.0,0.0,5.564520407322694,183.0,2.639057329615259,859.0,827.0,28,0.4295774547047546,3.367295829986474,4648.0,0.6103286384976526,40.34
362.6,5.247024072160486,0.0,164.9,2.533696813957432,944.7,755.8,56,0.29894850799585737,4.04305126783455,20305.600000000002,0.3426395939086294,77.29715436
213.72,4.59562477314456,3.23907053215372,181.71,2.061786606441115,1065.8,785.38,100,0.5403532609624938,4.61512051684126,21372.0,0.36445818960390153,53.90323368
469.0,4.772378104971998,0.0,137.8,3.502549875922443,852.1,840.5,56,0.23507334979404043,4.04305126783455,26264.0,0.19993176390310474,69.29923276
147.8,5.171052015502161,0.0,171.2,1.1631508098056809,1000.0,828.5,28,0.530195090424432,3.367295829986474,4138.400000000001,0.542273149581914,26.922658848
309.0,0.0,4.962844630259907,218.0,2.3978952727983707,912.0,680.0,28,0.48337027753059253,3.367295829986474,8652.0,0.3148558758314856,38.59
380.0,0.0,0.0,228.0,0.0,932.0,670.0,90,0.5999999842105268,4.51085950651685,34200.0,0.0,52.908319811999995
298.0,0.0,4.68213122712422,210.0,2.4849066497880004,880.0,744.0,28,0.5185185057155924,3.367295829986474,8344.0,0.2641975308641975,31.874475479999997
376.0,0.0,0.0,214.6,0.0,1003.5,762.36,56,0.5707446656716845,4.04305126783455,21056.0,0.0,36.3009114
202.0,2.4849066497880004,4.955827057601261,206.0,1.000631880307906,942.0,801.0,7,0.5819208875163592,2.0794415416798357,1414.0,0.4293785310734463,15.069975430541358
239.6,5.887214525734183,0.0,185.7,0.0,941.6,664.3,28,0.31001668931524723,3.367295829986474,6708.8,0.6,39.435269296
332.5,4.966335035199676,0.0,228.0,0.0,932.0,594.0,28,0.4799999898947371,3.367295829986474,9310.0,0.3,33.019005639999996
140.0,4.897839799950911,4.6443908991413725,200.0,2.0794415416798357,916.0,753.0,28,0.531914879470349,3.367295829986474,3920.0,0.6276595744680851,36.4388066
148.0,0.0,5.209486152841421,181.0,2.772588722239781,839.0,884.0,28,0.548484831864096,3.367295829986474,4144.0,0.5515151515151515,15.520104759999999
160.2,0.26236426446749106,5.484796933490655,233.5,2.322387720290225,781.0,841.1,28,0.5830212089133282,3.367295829986474,4485.599999999999,0.6,36.19
439.0,5.181783550292085,0.0,186.0,2.4932054526026954,884.9,707.9,3,0.30194804704629796,1.3862943611198906,1317.0,0.28733766233766234,39.300132
237.5,5.474369310328396,0.0,228.0,0.0,932.0,594.0,7,0.4799999898947371,2.0794415416798357,1662.5,0.5,26.258003984
135.7,5.320567975482857,0.0,185.7,0.0,1076.2,759.3,7,0.5474646065016331,2.0794415416798357,949.8999999999999,0.5999410377358491,7.507014687999999
173.0,4.762173934797756,0.0,192.0,0.0,946.8,856.8,3,0.6643598386034658,1.3862943611198906,519.0,0.4013840830449827,6.940954892
277.0,0.0,0.0,191.0,0.0,968.0,856.0,180,0.689530661027774,5.198497031265826,49860.0,0.0,32.32952964
349.0,0.0,0.0,192.0,0.0,1047.0,806.0,3,0.5501432507122278,1.3862943611198906,1047.0,0.0,14.98920824
145.0,4.672828834461906,4.919980925828125,208.0,2.3978952727983707,751.0,883.0,28,0.537467686370344,3.367295829986474,4060.0,0.6253229974160207,26.02
238.1,0.0,0.0,185.7,0.0,1118.8,789.3,28,0.7799243687558014,3.367295829986474,6666.8,0.0,17.576122192
152.0,4.941642422609304,5.187385805840755,168.0,2.9444389791664403,944.0,695.0,28,0.3582089475861632,3.367295829986474,4256.0,0.67590618336887,38.86
337.9,5.247024072160486,0.0,174.9,2.3513752571634776,944.7,755.8,28,0.33194153858528114,3.367295829986474,9461.199999999999,0.35870184095653823,49.89737812
229.68,0.0,4.780467127845082,195.23,1.9643112344262046,1028.1,757.63,14,0.5612637833123337,2.70805020110221,3215.52,0.3396964121435142,22.31833812
295.8,0.0,0.0,185.7,0.0,1091.4,769.3,28,0.6277890254297152,3.367295829986474,8282.4,0.0,25.216895223999998
166.09,0.0,5.101511415553109,176.46,1.7029282555214393,1058.6,780.09,100,0.5357663184428493,4.61512051684126,16609.0,0.4957189701238766,33.5430074
231.75,0.0,4.809090142334542,173.96,2.0438143640366846,1056.4,778.45,28,0.4922885221640626,3.367295829986474,6489.0,0.34417183122506156,33.72916592
167.35,4.874433672915854,4.86460709299957,175.46,2.1736147116970854,1006.3,746.6,14,0.41200365341527573,2.70805020110221,2342.9,0.6070397069528259,31.812422639999998
166.09,0.0,5.101511415553109,176.46,1.7029282555214393,1058.6,780.09,56,0.5357663184428493,4.04305126783455,9301.04,0.4957189701238766,28.62704352
200.0,5.303304908059076,0.0,190.0,0.0,1145.0,660.0,28,0.4749999881250003,3.367295829986474,5600.0,0.5,49.249270679999995
142.0,4.875197323201151,5.123963979403259,174.0,2.4849066497880004,883.0,785.0,28,0.39635534404657535,3.367295829986474,3976.0,0.6765375854214123,36.72
295.0,4.672828834461906,4.919980925828125,206.0,2.4849066497880004,750.0,766.0,28,0.383612655798647,3.367295829986474,8260.0,0.4506517690875233,41.01
296.0,0.0,0.0,192.0,0.0,1085.0,765.0,28,0.6486486267348437,3.367295829986474,8288.0,0.0,21.6495464
425.0,4.675628649636653,0.0,153.5,2.8622008809294686,852.1,887.1,3,0.28891397912828953,1.3862943611198906,1275.0,0.2000752870318088,33.398217439999996
238.05,0.0,4.555034116494294,186.66,2.0794415416798357,949.91,847.01,3,0.5619580755672544,1.3862943611198906,714.1500000000001,0.2833273121387283,19.93275116
190.68,0.0,4.839451481712757,162.14,2.1713368063840917,1090.0,804.01,28,0.5129713834164963,3.367295829986474,5339.04,0.39673500379650717,26.40003604
291.0,4.653960350157523,0.0,231.0,2.302585092994046,857.0,725.0,28,0.5848101117769592,3.367295829986474,8148.0,0.26329113924050634,30.43
251.81,0.0,4.614526280912116,146.14,2.5915163848462583,1006.0,899.76,56,0.4154655176839938,4.04305126783455,14101.36,0.28412224591329066,44.14025352
231.75,0.0,4.809090142334542,173.96,2.0438143640366846,1056.4,778.45,3,0.4922885221640626,1.3862943611198906,695.25,0.34417183122506156,15.43736764
401.8,4.5612182984589085,0.0,147.4,2.517696472610991,946.8,852.1,91,0.2968781410497857,4.5217885770490405,36563.8,0.19073514602215508,75.49762199999999
181.38,0.0,5.124023501441311,169.59,2.1471001901536506,1055.6,777.8,100,0.48678204062165853,4.61512051684126,18138.0,0.47937656075088264,45.3675208
313.0,4.8283137373023015,0.0,205.0,2.4849066497880004,846.0,758.0,28,0.4691075407526879,3.367295829986474,8764.0,0.2837528604118993,29.63
266.0,4.74493212836325,0.0,228.0,0.0,932.0,670.0,365,0.5999999842105268,5.902633333401366,97090.0,0.3,52.908319811999995
331.0,0.0,0.0,192.0,0.0,1025.0,821.0,7,0.5800604054362416,2.0794415416798357,2317.0,0.0,17.43684804
140.2,3.449987545831587,5.480638923341991,169.4,1.840549633397487,1028.4,742.7,28,0.41347326303457993,3.367295829986474,3925.5999999999995,0.6577983890651696,36.32
389.9,5.247024072160486,0.0,145.9,3.1354942159291497,944.7,755.8,56,0.25202970716825523,4.04305126783455,21834.399999999998,0.3264812575574365,79.40005615999999
425.0,4.675628649636653,0.0,153.5,2.8622008809294686,852.1,887.1,3,0.28891397912828953,1.3862943611198906,1275.0,0.2000752870318088,33.398217439999996
144.0,5.14166355650266,4.897839799950911,192.0,2.1972245773362196,814.0,805.0,28,0.42953019173310536,3.367295829986474,4032.0,0.6778523489932886,29.86810032
212.52,0.0,4.618777189394308,159.32,2.2731562823032334,1007.8,903.59,56,0.5091885164374536,4.04305126783455,11901.12,0.3207836619898367,42.54756396
397.0,2.9014215940827497,5.0689042022202315,167.0,3.0819099697950434,967.0,633.0,28,0.2918559893069558,3.367295829986474,11116.0,0.306186648025166,55.647607959999995
212.0,0.0,4.834534349115358,159.0,2.179286876649552,1085.4,799.54,100,0.4721182827923784,4.61512051684126,21200.0,0.37050893758536735,47.8151606
275.0,4.605170185988092,4.852030263919617,184.0,2.639057329615259,810.0,790.0,28,0.3672654617312283,3.367295829986474,7700.0,0.45109780439121755,43.54
374.0,5.24807615011129,0.0,170.1,2.4069451083182885,926.1,756.7,28,0.30202414236462816,3.367295829986474,10472.0,0.33593749999999994,61.09446836
284.0,2.772588722239781,4.955827057601261,179.0,1.8656293177945105,842.0,801.0,56,0.4068181725723143,4.04305126783455,15904.0,0.35454545454545455,44.520450284729314
425.0,4.675628649636653,0.0,151.4,2.975529566236472,936.0,803.7,28,0.28496141003272335,3.367295829986474,11900.0,0.2000752870318088,61.797733879999996
307.0,4.709530201312334,0.0,189.0,2.3978952727983707,904.0,765.0,28,0.4532373992029401,3.367295829986474,8596.0,0.2637889688249401,31.5
540.0,0.0,0.0,162.0,1.252762968495368,1055.0,676.0,28,0.2999999944444446,3.367295829986474,15120.0,0.0,61.887365759999994
184.3,5.039546637590676,5.481471909645883,179.0,2.1400661634962708,920.2,640.9,28,0.3102790724513941,3.367295829986474,5160.400000000001,0.6805338880221875,41.01
522.0,0.0,0.0,146.0,0.0,896.0,896.0,28,0.27969348123192567,3.367295829986474,14616.0,0.0,74.98740975999999
389.9,5.247024072160486,0.0,145.9,3.1354942159291497,944.7,755.8,28,0.25202970716825523,3.367295829986474,10917.199999999999,0.3264812575574365,74.4978818
135.7,5.320567975482857,0.0,185.7,0.0,1076.2,759.3,28,0.5474646065016331,3.367295829986474,3799.5999999999995,0.5999410377358491,18.19871902
290.35,0.0,4.576564928977757,168.08,2.3427668826268775,961.18,865.0,14,0.4348433385547477,2.70805020110221,4064.9000000000005,0.2488293276071715,34.67374804
446.0,3.2188758248682006,4.382026634673881,162.0,2.424802725718295,967.0,712.0,28,0.29508196183821567,3.367295829986474,12488.0,0.18761384335154827,53.38612668
160.0,5.5254529391317835,0.0,168.0,2.5649493574615367,1049.0,688.0,28,0.4097560875669247,3.367295829986474,4480.0,0.6097560975609756,39.45181672
222.36,0.0,4.581594449459386,189.29,1.6974487897568138,967.08,870.32,100,0.593329762300418,4.61512051684126,22236.0,0.30301225590069897,40.7135578
318.8,5.363636832668679,0.0,155.7,2.72785282839839,852.1,880.4,3,0.293054765799835,1.3862943611198906,956.4000000000001,0.39996235648409567,25.2003478
296.0,0.0,0.0,192.0,0.0,1085.0,765.0,90,0.6486486267348437,4.51085950651685,26640.0,0.0,29.39236188
337.9,5.247024072160486,0.0,174.9,2.3513752571634776,944.7,755.8,56,0.33194153858528114,4.04305126783455,18922.399999999998,0.35870184095653823,59.89478012
193.5,5.674010316322531,0.0,185.7,0.0,998.2,704.3,28,0.3839156422593417,3.367295829986474,5418.0,0.5999586520570601,32.626693796000005
170.3,5.0530560099802075,0.0,185.7,0.0,1026.6,724.3,28,0.5699815662989083,3.367295829986474,4768.400000000001,0.4772866789441375,25.726417988
218.23,4.018902367055242,4.82655218668264,140.75,2.558002204858551,1075.7,792.67,100,0.35484683335820416,4.61512051684126,21823.0,0.4498172192108913,63.528318639999995
173.0,4.762173934797756,0.0,192.0,0.0,946.8,856.8,28,0.6643598386034658,3.367295829986474,4844.0,0.4013840830449827,24.281965768
190.34,0.0,4.837709458942664,166.61,2.3869262414277967,1079.0,798.9,28,0.5280489183554476,3.367295829986474,5329.52,0.39674188640973634,24.84871504
182.04,3.833196224882175,4.811940423184356,170.21,2.2181159363675955,1059.4,780.65,14,0.4874004785693695,2.70805020110221,2548.56,0.47872401351583527,21.504756439999998
159.1,5.2348449435924636,0.0,175.6,2.509599262378372,989.6,788.9,28,0.5078079668071728,3.367295829986474,4454.8,0.5399074609600926,32.768036376000005
439.0,5.181783550292085,0.0,186.0,2.4932054526026954,884.9,707.9,56,0.30194804704629796,4.04305126783455,24584.0,0.28733766233766234,71.69860924
284.0,4.795790545596741,0.0,168.0,2.0794415416798357,970.0,794.0,28,0.4158415738653076,3.367295829986474,7952.0,0.297029702970297,40.93419012
212.07,0.0,4.809090142334542,180.31,1.900613874140137,1057.6,779.32,14,0.5403518073555754,2.70805020110221,2968.98,0.36447001708172255,20.91870184
157.0,5.4680601411351315,0.0,192.0,0.0,935.4,781.2,3,0.48854960588932306,1.3862943611198906,471.0,0.6005089058524173,9.694722036
277.19,4.593300013417604,3.2371085931292605,160.7,2.5006159434931803,1061.7,782.46,14,0.4022830149377171,2.70805020110221,3880.66,0.3061055899066263,47.7117392
252.5,0.0,0.0,185.7,0.0,1111.6,784.3,28,0.7354455154279004,3.367295829986474,7070.0,0.0,19.765208492
350.0,0.0,0.0,203.0,0.0,974.0,775.0,180,0.579999983428572,5.198497031265826,63000.0,0.0,32.72253096
387.0,3.044522437723423,4.553876891600541,157.0,2.534490149976828,938.0,845.0,28,0.3133732472380589,3.367295829986474,10836.0,0.2275449101796407,46.68441996
331.0,5.14166355650266,0.0,195.0,2.1972245773362196,811.0,802.0,28,0.38922154911733436,3.367295829986474,9268.0,0.3393213572854291,56.61287436
246.83,0.0,4.836916626109569,143.3,2.5641798306825083,1086.8,800.89,3,0.3853082631467758,1.3862943611198906,740.49,0.33631792638003816,23.52492112
165.0,4.863680881139593,4.891100725401066,175.06,2.206074192613202,1005.8,746.6,3,0.41132517830532944,1.3862943611198906,495.0,0.612312030075188,19.41564416
152.7,4.981549713201159,0.0,178.1,2.1972245773362196,999.7,822.2,28,0.598856738437904,3.367295829986474,4275.599999999999,0.48655010087424344,19.009542795999998
359.0,2.995732273553991,4.955827057601261,154.0,2.477378383367209,942.0,801.0,3,0.2967244644176404,1.3862943611198906,1077.0,0.30828516377649323,25.11662571527068
313.3,5.572914199451162,0.0,175.5,2.2617630984737906,1046.9,611.8,28,0.3049522101659043,3.367295829986474,8772.4,0.4556038227628149,59.79825348
385.0,0.0,4.919980925828125,158.0,3.044522437723423,903.0,768.0,28,0.3032629500333407,3.367295829986474,10780.0,0.26103646833013433,55.55108132
146.5,4.750135956238277,4.5031374604229395,201.9,2.2823823856765264,860.0,829.5,28,0.576198613692962,3.367295829986474,4102.0,0.5819063926940639,19.98790924
275.0,0.0,0.0,183.0,0.0,1088.0,808.0,7,0.6654545212561993,2.0794415416798357,1925.0,0.0,14.2032056
236.0,0.0,0.0,194.0,0.0,968.0,885.0,3,0.8220338634731413,1.3862943611198906,708.0,0.0,6.467284879999999
382.5,0.0,0.0,185.7,0.0,1047.8,739.3,28,0.48549018338587757,3.367295829986474,10710.0,0.0,37.437857324
238.05,0.0,4.555034116494294,186.66,2.0794415416798357,949.91,847.01,28,0.5619580755672544,3.367295829986474,6665.400000000001,0.2833273121387283,30.2335226
168.88,3.76630335107874,4.830311739964974,158.33,2.4706386779902956,1080.8,796.15,100,0.47213357769096237,4.61512051684126,16888.0,0.49640673922767253,48.15300384
284.0,4.793308128103486,0.0,168.3,2.1041341542702074,970.4,794.2,28,0.41689372264320734,3.367295829986474,7952.0,0.29650730740649,40.934879596
379.5,5.025195445427586,0.0,153.9,2.827313621929028,1134.3,605.0,3,0.28999434162437643,1.3862943611198906,1138.5,0.2849067269643866,28.599464479999998
540.0,0.0,0.0,173.0,0.0,1125.0,613.0,7,0.3203703644375859,2.0794415416798357,3780.0,0.0,52.61391356
379.5,5.025195445427586,0.0,153.9,2.827313621929028,1134.3,605.0,91,0.28999434162437643,4.5217885770490405,34534.5,0.2849067269643866,56.49566344
288.0,4.804021044733257,0.0,177.0,2.0794415416798357,908.0,829.0,28,0.43276282560482093,3.367295829986474,8064.0,0.29584352078239606,42.13387836
140.2,3.8242840911201395,5.463407986413629,171.3,1.8718021769015913,1047.6,704.0,28,0.4079542651118299,3.367295829986474,3925.5999999999995,0.6661109788044772,33.78
277.05,0.0,4.588939172877674,160.6,2.551786178627545,973.9,875.61,28,0.42890715658297307,3.367295829986474,7757.400000000001,0.2600950753124666,48.28400428
491.0,3.295836866004329,4.820281565605037,210.0,1.5953389880545987,882.0,699.0,3,0.32812499487304697,1.3862943611198906,1473.0,0.2328125,25.60910856945864
362.6,5.247024072160486,0.0,164.9,2.533696813957432,944.7,755.8,7,0.29894850799585737,2.0794415416798357,2538.2000000000003,0.3426395939086294,55.89581932
480.0,0.0,0.0,192.0,0.0,936.2,712.2,90,0.3999999916666669,4.51085950651685,43200.0,0.0,54.315540328
147.0,4.499809670330265,4.7535901911063645,202.0,2.302585092994046,860.0,829.0,28,0.5754985591026052,3.367295829986474,4116.0,0.5811965811965812,25.21
331.0,0.0,0.0,192.0,0.0,1025.0,821.0,90,0.5800604054362416,4.51085950651685,29790.0,0.0,37.91428524
237.5,5.474369310328396,0.0,228.0,0.0,932.0,594.0,270,0.4799999898947371,5.602118820879701,64125.0,0.5,38.407950056000004
178.03,4.873669439023098,4.784152841516532,179.94,1.5195132049061133,1007.3,746.8,56,0.42196842572125726,4.04305126783455,9969.68,0.5825106113547358,48.587373719999995
152.0,5.187385805840755,4.941642422609304,168.0,2.9444389791664403,944.0,695.0,28,0.3582089475861632,3.367295829986474,4256.0,0.67590618336887,36.34917472
229.68,0.0,4.780467127845082,195.23,1.9643112344262046,1028.1,757.63,100,0.5612637833123337,4.61512051684126,22968.0,0.3396964121435142,40.85834776
231.75,0.0,4.809090142334542,173.96,2.0438143640366846,1056.4,778.45,14,0.4922885221640626,2.70805020110221,3244.5,0.34417183122506156,26.77235308
272.8,5.20893955539682,0.0,185.7,0.0,1012.4,714.3,28,0.408401134629401,3.367295829986474,7638.400000000001,0.40004398504508465,31.38150014
298.1,0.0,4.68213122712422,186.4,1.9600947840472698,879.0,815.2,28,0.46013328906113826,3.367295829986474,8346.800000000001,0.26413231300913353,42.6440906
155.0,0.0,4.969813299576001,193.0,2.302585092994046,877.0,868.0,28,0.6476509849781549,3.367295829986474,4340.0,0.4798657718120805,9.735401119999999
326.0,5.117993812416755,0.0,174.0,2.302585092994046,882.0,790.0,28,0.3536585293971844,3.367295829986474,9128.0,0.33739837398373984,61.232363559999996
288.0,5.262690188904886,0.0,192.0,0.0,932.0,717.8,3,0.3999999916666669,1.3862943611198906,864.0,0.4,16.10960674
238.2,5.073923033332174,0.0,185.7,0.0,1040.6,734.3,7,0.4677581746156631,2.0794415416798357,1667.3999999999999,0.4,15.691094808
366.0,5.236441962829949,0.0,191.3,2.028148247292285,824.3,756.9,28,0.345931277650429,3.367295829986474,10248.0,0.33815551537070526,65.909079268
228.0,5.838021949864404,0.0,185.7,0.0,955.8,674.3,7,0.32573232194821394,2.0794415416798357,1596.0,0.6000701631292756,21.917063088
279.8,4.866764923676554,4.619073091157083,172.4,2.3513752571634776,825.1,804.9,28,0.33863680340528773,3.367295829986474,7834.400000000001,0.4504026713808682,52.826961643999994
356.0,4.787491742782046,0.0,160.0,2.305580601973844,1061.0,657.0,28,0.3368420981717453,3.367295829986474,9968.0,0.2505263157894737,58.99846132
254.0,0.0,0.0,198.0,0.0,968.0,863.0,3,0.7795275283650579,1.3862943611198906,762.0,0.0,9.307926
255.0,0.0,0.0,192.0,0.0,889.8,945.0,90,0.7529411469434845,4.51085950651685,22950.0,0.0,21.859147104
362.6,5.247024072160486,0.0,164.9,2.533696813957432,944.7,755.8,3,0.29894850799585737,1.3862943611198906,1087.8000000000002,0.3426395939086294,35.3011712
362.6,5.247024072160486,0.0,164.9,2.533696813957432,944.7,755.8,7,0.29894850799585737,2.0794415416798357,2538.2000000000003,0.3426395939086294,55.89581932
300.0,0.0,0.0,184.0,0.0,1075.0,795.0,28,0.6133333128888896,3.367295829986474,8400.0,0.0,26.848195439999998
212.07,0.0,4.809090142334542,180.31,1.900613874140137,1057.6,779.32,28,0.5403518073555754,3.367295829986474,5937.96,0.36447001708172255,24.90387312
500.0,0.0,0.0,200.0,0.0,1125.0,613.0,7,0.3999999920000002,2.0794415416798357,3500.0,0.0,33.21205892
298.0,0.0,4.68213122712422,164.0,2.639057329615259,953.0,784.0,28,0.4049382616064627,3.367295829986474,8344.0,0.2641975308641975,35.85964676
133.0,5.303304908059076,0.0,192.0,0.0,927.4,839.2,28,0.5765765592619653,3.367295829986474,3724.0,0.6006006006006006,27.874825204
290.2,5.270432163058501,0.0,185.7,0.0,998.2,704.3,28,0.3839156422593417,3.367295829986474,8125.599999999999,0.40004134794293983,33.0431373
424.0,3.1354942159291497,4.890349128221754,178.0,2.2491843162669305,822.0,750.0,56,0.30795847218064926,4.04305126783455,23744.0,0.2664359861591695,65.69721314581203
162.0,5.337538079701318,5.153291594497779,216.0,2.3978952727983707,822.0,638.0,28,0.39926062108575566,3.367295829986474,4536.0,0.7005545286506469,39.84481804
153.6,4.978112102390695,4.730039168033961,220.1,2.4069451083182885,923.2,657.9,28,0.5366983531651219,3.367295829986474,4300.8,0.6254572055596197,16.503987012
178.03,4.873669439023098,4.784152841516532,179.94,1.5195132049061133,1007.3,746.8,3,0.42196842572125726,1.3862943611198906,534.09,0.5825106113547358,20.72564856
314.0,0.0,4.736198448394496,170.0,2.3978952727983707,925.0,783.0,28,0.3981264543764297,3.367295829986474,8792.0,0.2646370023419204,38.45897128
155.6,5.499215308914927,0.0,180.3,2.4595888418037104,1022.0,697.7,28,0.4517664632481468,3.367295829986474,4356.8,0.6101227762465548,37.363393916
387.0,3.044522437723423,4.553876891600541,157.0,2.729159164312445,938.0,845.0,3,0.3133732472380589,1.3862943611198906,1161.0,0.2275449101796407,22.752708
425.0,4.675628649636653,0.0,153.5,2.8622008809294686,852.1,887.1,28,0.28891397912828953,3.367295829986474,11900.0,0.2000752870318088,60.2946762
275.07,0.0,4.806885789888681,159.48,2.388762789235098,1053.6,777.5,3,0.402300580134691,1.3862943611198906,825.21,0.3061147268049039,23.80071152
297.0,0.0,0.0,186.0,0.0,1040.0,734.0,7,0.6262626051763434,2.0794415416798357,2079.0,0.0,30.9574724
525.0,0.0,0.0,189.0,0.0,1125.0,613.0,7,0.3599999931428573,2.0794415416798357,3675.0,0.0,42.42345828
331.0,0.0,0.0,192.0,0.0,978.0,825.0,28,0.5800604054362416,3.367295829986474,9268.0,0.0,31.44700036
250.0,0.0,4.5715099844954565,187.42,1.8764069432883397,956.86,861.17,3,0.5421620370227072,1.3862943611198906,750.0,0.2768087014377043,13.817099039999999
356.0,4.962844630259907,0.0,193.0,2.4849066497880004,801.0,778.0,28,0.38755019302108046,3.367295829986474,9968.0,0.285140562248996,36.46
194.68,0.0,4.620255823406132,165.62,2.1377104498038118,1006.4,905.9,56,0.5610433414280712,4.04305126783455,10902.08,0.34051490514905147,33.963587759999996
305.3,5.320567975482857,0.0,203.5,0.0,965.4,631.0,28,0.39996068396303686,3.367295829986474,8548.4,0.3999606918238994,43.377003588
255.0,0.0,0.0,192.0,0.0,889.8,945.0,3,0.7529411469434845,1.3862943611198906,765.0,0.0,8.204074924
380.0,4.564348191467836,0.0,228.0,0.0,932.0,594.0,7,0.4799999898947371,2.0794415416798357,2660.0,0.2,32.823194456
218.23,4.018902367055242,4.82655218668264,140.75,2.558002204858551,1075.7,792.67,14,0.35484683335820416,2.70805020110221,3055.22,0.4498172192108913,35.9561734
439.0,5.181783550292085,0.0,186.0,2.4932054526026954,884.9,707.9,7,0.30194804704629796,2.0794415416798357,3073.0,0.28733766233766234,56.095767359999996
133.1,5.352805551832106,0.0,195.7,1.410986973710262,949.4,795.3,28,0.5700553285739782,3.367295829986474,3726.7999999999997,0.6122924555782115,28.937997196
276.0,4.762173934797756,4.51085950651685,180.0,2.302585092994046,870.0,768.0,28,0.37344397565468934,3.367295829986474,7728.0,0.42738589211618255,44.27814872
288.0,0.0,4.804021044733257,177.0,2.0794415416798357,908.0,829.0,28,0.43276282560482093,3.367295829986474,8064.0,0.29584352078239606,39.93
446.0,3.2188758248682006,4.382026634673881,162.0,2.534490149976828,967.0,712.0,3,0.29508196183821567,1.3862943611198906,1338.0,0.18761384335154827,35.36322404
313.0,5.087596335232384,0.0,178.0,2.3978952727983707,917.0,759.0,28,0.3755274182378182,3.367295829986474,8764.0,0.339662447257384,52.44154456
203.5,4.917788743729904,0.0,185.7,0.0,1076.2,759.3,28,0.5474646065016331,3.367295829986474,5698.0,0.40005896226415094,22.629981272
376.0,0.0,0.0,214.6,0.0,1003.5,762.36,14,0.5707446656716845,2.70805020110221,5264.0,0.0,25.62092816
213.5,0.0,5.166156462945698,159.21,2.5384474167160302,1043.6,771.9,3,0.41061019212332517,1.3862943611198906,640.5,0.4493732913808222,15.60973664
376.0,0.0,0.0,214.6,0.0,1003.5,762.36,28,0.5707446656716845,3.367295829986474,10528.0,0.0,31.971002119999998
133.0,5.303304908059076,0.0,192.0,0.0,927.4,839.2,7,0.5765765592619653,2.0794415416798357,931.0,0.6006006006006006,13.664035367999999
405.0,0.0,0.0,175.0,0.0,1120.0,695.0,28,0.43209875476299375,3.367295829986474,11340.0,0.0,52.30364936
393.0,0.0,0.0,192.0,0.0,940.0,758.0,28,0.48854960588932306,3.367295829986474,11004.0,0.0,39.58281716
210.7,5.759217181544302,0.0,185.7,0.0,977.0,689.3,28,0.3525056880693681,3.367295829986474,5899.599999999999,0.6000379650721337,37.813621743999995
331.0,0.0,0.0,192.0,0.0,1025.0,821.0,3,0.5800604054362416,1.3862943611198906,993.0,0.0,14.306626999999999
167.95,3.7630588522881876,5.1049146397432645,121.75,1.9050881545350582,1058.7,780.11,14,0.3256566542112916,2.70805020110221,2351.2999999999997,0.5507676670411384,17.8229546
236.0,5.062595033026967,0.0,192.0,0.0,972.6,749.1,28,0.48854960588932306,3.367295829986474,6608.0,0.3994910941475827,32.88455782
425.0,4.675628649636653,0.0,153.5,2.8622008809294686,852.1,887.1,28,0.28891397912828953,3.367295829986474,11900.0,0.2000752870318088,60.2946762
190.68,0.0,4.839451481712757,162.14,2.1713368063840917,1090.0,804.01,56,0.5129713834164963,4.04305126783455,10678.08,0.39673500379650717,35.34253976
146.0,5.187385805840755,0.0,192.0,2.4849066497880004,961.0,749.0,28,0.5925925743026984,3.367295829986474,4088.0,0.5493827160493827,17.19
152.0,0.0,4.727387818712341,184.0,2.1972245773362196,992.0,816.0,28,0.6969696705693307,3.367295829986474,4256.0,0.42424242424242425,12.17614616
250.2,5.122772794033106,0.0,203.5,0.0,977.6,694.1,28,0.4880095806232715,3.367295829986474,7005.599999999999,0.4,36.964187312
356.0,0.0,4.962844630259907,193.0,2.4849066497880004,801.0,778.0,28,0.38755019302108046,3.367295829986474,9968.0,0.285140562248996,40.865242519999995
427.5,3.8815637979434374,0.0,228.0,0.0,932.0,594.0,28,0.4799999898947371,3.367295829986474,11970.0,0.1,37.427515183999994
424.0,3.1354942159291497,4.890349128221754,168.0,2.2945529212967815,822.0,750.0,3,0.2906574344176915,1.3862943611198906,1272.0,0.2664359861591695,32.109882284729316
233.81,0.0,4.559963593150012,197.89,1.7168563092013707,947.04,852.16,14,0.6026066383688103,2.70805020110221,3273.34,0.28801120618776455,22.13907436
154.0,5.1647859739235145,5.225746673713202,228.0,2.0794415416798357,845.0,612.0,28,0.4444444357808102,3.367295829986474,4312.0,0.6998050682261209,24.3385028
261.0,4.61512051684126,4.3694478524670215,201.0,2.302585092994046,864.0,761.0,28,0.4578587595020784,3.367295829986474,7308.0,0.4054669703872437,32.39847724
165.0,4.863680881139593,4.891100725401066,175.06,2.206074192613202,1005.8,746.6,100,0.41132517830532944,4.61512051684126,16500.0,0.612312030075188,55.020184799999996
300.0,0.0,0.0,184.0,0.0,1075.0,795.0,7,0.6133333128888896,2.0794415416798357,2100.0,0.0,15.575262839999999
446.0,3.2188758248682006,4.382026634673881,162.0,2.5368663887187113,967.0,712.0,7,0.29508196183821567,2.0794415416798357,3122.0,0.18761384335154827,38.01770664
321.0,0.0,4.859812404361672,182.0,2.4849066497880004,870.0,780.0,28,0.405345202553559,3.367295829986474,8988.0,0.28507795100222716,37.25928304
251.37,0.0,4.7813898305905775,188.45,1.9947003132247452,1028.4,757.73,100,0.5098203519689333,4.61512051684126,25137.0,0.31995996104317714,44.209201119999996
190.0,5.25227342804663,0.0,228.0,0.0,932.0,670.0,270,0.5999999842105268,5.602118820879701,51300.0,0.5,50.655112243999994
160.0,5.241747015059643,4.990432586778736,203.0,2.4849066497880004,829.0,710.0,28,0.4109311657706242,3.367295829986474,4480.0,0.6761133603238867,32.83974188
339.0,0.0,0.0,197.0,0.0,968.0,781.0,7,0.5811209268105921,2.0794415416798357,2373.0,0.0,20.96696516
339.0,0.0,0.0,197.0,0.0,968.0,781.0,180,0.5811209268105921,5.198497031265826,61020.0,0.0,36.44570136
251.37,0.0,4.7813898305905775,188.45,1.9947003132247452,1028.4,757.73,3,0.5098203519689333,1.3862943611198906,754.11,0.31995996104317714,13.12072828
152.6,5.479388141440339,0.0,200.0,1.9878743481543455,1001.8,683.9,28,0.5111167771245394,3.367295829986474,4272.8,0.6100178890876565,26.859916531999996
332.5,4.966335035199676,0.0,228.0,0.0,932.0,594.0,7,0.4799999898947371,2.0794415416798357,2327.5,0.3,30.275580636
516.0,0.0,0.0,162.0,2.225704048658088,801.0,802.0,28,0.31395348228772324,3.367295829986474,14448.0,0.0,41.36856
158.0,0.0,5.278114659230518,220.0,2.4849066497880004,898.0,713.0,28,0.6232294441011489,3.367295829986474,4424.0,0.5524079320113314,8.53571288
172.8,5.070789216916003,5.482720089545816,166.4,2.128231705849268,952.6,644.1,28,0.2916228480262382,3.367295829986474,4838.400000000001,0.6971608832807571,41.81
305.0,4.61512051684126,0.0,196.0,2.3978952727983707,959.0,705.0,28,0.483950605334553,3.367295829986474,8540.0,0.24691358024691357,29.77
158.8,5.477300022076476,0.0,185.7,0.0,1040.6,734.3,28,0.4677581746156631,3.367295829986474,4446.400000000001,0.6,21.066249704
380.0,0.0,0.0,228.0,0.0,932.0,670.0,365,0.5999999842105268,5.902633333401366,138700.0,0.0,52.516697443999995
355.9,0.0,4.960043507980195,193.3,2.4849066497880004,801.4,778.4,28,0.3885427057579356,3.367295829986474,9965.199999999999,0.28462311557788944,40.8686899
427.5,3.8815637979434374,0.0,228.0,0.0,932.0,594.0,180,0.4799999898947371,5.198497031265826,76950.0,0.1,41.836714203999996
376.0,0.0,0.0,214.6,0.0,1003.5,762.36,100,0.5707446656716845,4.61512051684126,37600.0,0.0,43.0577762
173.54,3.9328055446106744,5.162096646636745,164.77,2.010894999144726,1006.2,793.5,28,0.41491235860917713,3.367295829986474,4859.12,0.5630036261079774,38.20386516
136.4,5.0912931971137105,4.842611042003125,171.6,2.4336133554004498,922.6,764.4,28,0.40490796590589984,3.367295829986474,3819.2000000000003,0.6781500707881075,29.073134491999998
277.0,0.0,0.0,191.0,0.0,968.0,856.0,28,0.689530661027774,3.367295829986474,7756.0,0.0,25.965666159999998
222.36,0.0,4.581594449459386,189.29,1.6974487897568138,967.08,870.32,3,0.593329762300418,1.3862943611198906,667.08,0.30301225590069897,11.57630204
424.0,3.1354942159291497,4.890349128221754,178.0,2.2491843162669305,822.0,750.0,7,0.30795847218064926,2.0794415416798357,2968.0,0.2664359861591695,39.004642284729314
154.8,0.0,4.9684234452869465,193.3,2.312535423847214,877.2,867.7,28,0.6495295480668835,3.367295829986474,4334.400000000001,0.4798387096774194,9.738159024
153.0,0.0,5.480638923341991,200.0,1.9459101490553132,1002.0,684.0,28,0.5102040686172432,3.367295829986474,4284.0,0.6096938775510204,28.29
323.7,5.648269764725942,0.0,183.8,2.424802725718295,942.7,659.9,3,0.3030502835441009,1.3862943611198906,971.0999999999999,0.4662819455894477,28.296095039999997
173.54,3.9328055446106744,5.162096646636745,164.77,2.010894999144726,1006.2,793.5,3,0.41491235860917713,1.3862943611198906,520.62,0.5630036261079774,23.07676172
155.0,5.214935757608986,0.0,193.0,2.302585092994046,1047.0,697.0,28,0.5710059002660977,3.367295829986474,4340.0,0.5414201183431953,18.28490352
332.0,0.0,5.14166355650266,160.0,1.9459101490553132,900.0,806.0,28,0.3187250932524882,3.367295829986474,9296.0,0.3386454183266932,58.53
313.0,4.727387818712341,0.0,220.0,2.3978952727983707,794.0,789.0,28,0.517647046643599,3.367295829986474,8764.0,0.2635294117647059,28.16
266.0,4.74493212836325,0.0,228.0,0.0,932.0,670.0,28,0.5999999842105268,3.367295829986474,7448.0,0.3,45.854290856
326.5,0.0,4.933754249760298,199.0,2.468099531471619,801.1,792.5,28,0.42850989602691875,3.367295829986474,9142.0,0.29694229112833764,38.630650804
266.2,4.730039168033961,4.483002552013883,177.9,2.4336133554004498,909.7,744.5,28,0.3817596484600934,3.367295829986474,7453.599999999999,0.428755364806867,39.421479776
505.0,0.0,4.110873864173311,195.0,0.0,1030.0,630.0,28,0.34513273725428784,3.367295829986474,14140.0,0.10619469026548672,64.0178466
296.0,0.0,0.0,186.0,0.0,1090.0,769.0,28,0.6283783571493798,3.367295829986474,8288.0,0.0,25.17966352
339.0,0.0,0.0,185.0,0.0,1060.0,754.0,28,0.5457226977662921,3.367295829986474,9492.0,0.0,31.6469484
203.5,5.724565013838729,0.0,203.5,0.0,963.4,630.0,7,0.39996068396303686,2.0794415416798357,1424.5,0.6000393081761006,19.539060364
305.3,5.320567975482857,0.0,203.5,0.0,965.4,631.0,90,0.39996068396303686,4.51085950651685,27477.0,0.3999606918238994,54.598914963999995
540.0,0.0,0.0,173.0,0.0,1125.0,613.0,3,0.3203703644375859,1.3862943611198906,1620.0,0.0,41.63745564
289.0,0.0,0.0,192.0,0.0,913.2,895.3,3,0.6643598386034658,1.3862943611198906,867.0,0.0,11.654902304
190.68,0.0,4.839451481712757,162.14,2.1713368063840917,1090.0,804.01,3,0.5129713834164963,1.3862943611198906,572.04,0.39673500379650717,15.04436632
236.0,0.0,0.0,194.0,0.0,968.0,885.0,14,0.8220338634731413,2.70805020110221,3304.0,0.0,12.83804312
220.8,4.998562712861986,0.0,185.7,0.0,1055.0,744.3,28,0.5046195515049035,3.367295829986474,6182.400000000001,0.39999999999999997,25.745033839999998
326.0,0.0,5.123963979403259,174.0,1.9459101490553132,884.0,792.0,28,0.3529411693115382,3.367295829986474,9128.0,0.33874239350912777,52.65
286.3,5.307772525318792,0.0,144.7,2.501435951739211,1004.6,803.7,56,0.29700327797612314,4.04305126783455,16032.800000000001,0.41235632183908044,72.99482412
314.0,4.983606621708336,4.736198448394496,179.0,2.1972245773362196,869.0,690.0,28,0.31293705746613537,3.367295829986474,8792.0,0.45104895104895104,46.2293658
312.7,0.0,0.0,178.1,2.1972245773362196,999.7,822.2,28,0.5695554662758087,3.367295829986474,8755.6,0.0,25.10382116
290.35,0.0,4.576564928977757,168.08,2.3427668826268775,961.18,865.0,100,0.4348433385547477,4.61512051684126,29035.000000000004,0.2488293276071715,48.97348028
388.6,4.585987366571318,0.0,157.9,2.5726122302071057,852.1,925.7,91,0.32509779030064256,4.5217885770490405,35362.6,0.19991764463660694,57.59882504
212.57,0.0,4.618974466964488,159.35,2.4309783077624445,1003.8,903.79,3,0.5091704847529881,1.3862943611198906,637.71,0.32077581799591004,13.33446584
150.7,0.0,5.227358277607543,166.7,2.8094026953624973,1074.5,678.0,28,0.49613093761515065,3.367295829986474,4219.599999999999,0.5514880952380953,13.461329424
249.1,0.0,4.602667055769973,158.11,2.624668592163159,987.76,889.01,3,0.45453498765171807,1.3862943611198906,747.3,0.28388673278712084,15.361525279999999
446.0,3.2188758248682006,4.382026634673881,162.0,2.5368663887187113,967.0,712.0,56,0.29508196183821567,4.04305126783455,24976.0,0.18761384335154827,55.25460664
332.5,4.966335035199676,0.0,228.0,0.0,932.0,594.0,365,0.4799999898947371,5.902633333401366,121362.5,0.3,41.052779992
540.0,0.0,0.0,162.0,1.252762968495368,1040.0,676.0,28,0.2999999944444446,3.367295829986474,15120.0,0.0,79.98611076
312.9,5.084505142662711,0.0,177.6,2.3608540011180215,916.6,759.5,28,0.3751584204656016,3.367295829986474,8761.199999999999,0.3390367553865653,52.446370892
200.0,0.0,0.0,180.0,0.0,1125.0,845.0,28,0.8999999550000022,3.367295829986474,5600.0,0.0,12.24509376
520.0,0.0,0.0,175.0,1.8245492920510458,870.0,805.0,28,0.3365384550665682,3.367295829986474,14560.0,0.0,51.021224
190.0,5.25227342804663,0.0,228.0,0.0,932.0,670.0,180,0.5999999842105268,5.198497031265826,34200.0,0.5,46.931941843999994
166.0,5.563370320939456,0.0,183.2,2.617395832834079,858.8,826.8,28,0.4303500016361287,3.367295829986474,4648.0,0.6100540286586799,37.917043144
276.4,4.762173934797756,4.514150787600923,179.6,2.2925347571405443,870.1,768.3,28,0.3720737441045423,3.367295829986474,7739.199999999999,0.4273876113528072,44.284354003999994
213.76,4.595725727160092,3.239462458476589,181.74,2.0347056478384444,1066.0,785.52,100,0.5403460623076036,4.61512051684126,21376.0,0.36445263721234467,49.973220479999995
162.0,5.3706380281276624,5.10594547390058,202.0,2.3978952727983707,820.0,680.0,28,0.37407406714677655,3.367295829986474,4536.0,0.7,30.647208199999998
485.0,0.0,0.0,146.0,0.0,1120.0,800.0,28,0.3010309216282284,3.367295829986474,13580.0,0.0,71.98818916
325.0,0.0,0.0,184.0,0.0,1063.0,783.0,7,0.5661538287337284,2.0794415416798357,2275.0,0.0,17.54026944
425.0,4.675628649636653,0.0,151.4,2.975529566236472,936.0,803.7,91,0.28496141003272335,4.5217885770490405,38675.0,0.2000752870318088,66.69990824
233.81,0.0,4.559963593150012,197.89,1.7168563092013707,947.04,852.16,56,0.6026066383688103,4.04305126783455,13093.36,0.28801120618776455,27.66177712
250.0,0.0,4.5715099844954565,191.84,1.8453002361560848,948.9,857.2,14,0.554948058811419,2.70805020110221,3500.0,0.2768087014377043,24.65566176
349.0,0.0,0.0,192.0,0.0,1056.0,809.0,7,0.5501432507122278,2.0794415416798357,2443.0,0.0,9.011451319999999
145.4,0.0,5.192401140956488,201.7,2.174751721484161,824.0,868.7,28,0.621954960778447,3.367295829986474,4071.2000000000003,0.551649707061363,10.535882756
286.3,5.307772525318792,0.0,144.7,2.501435951739211,1004.6,803.7,3,0.29700327797612314,1.3862943611198906,858.9000000000001,0.41235632183908044,24.40055564
198.6,4.893352133481524,0.0,192.0,0.0,978.4,825.5,28,0.5800604054362416,3.367295829986474,5560.8,0.4,28.021683592
218.85,0.0,4.829353196876964,158.49,2.512035317176253,1078.7,794.91,56,0.46209690179902907,4.04305126783455,12255.6,0.3619161467140941,37.2661778
310.0,0.0,4.969813299576001,168.0,2.3978952727983707,914.0,804.0,28,0.37086091896554263,3.367295829986474,8680.0,0.31567328918322296,49.3
277.0,0.0,0.0,191.0,0.0,968.0,856.0,90,0.689530661027774,4.51085950651685,24930.0,0.0,31.25394708
143.0,5.135798437050262,4.969813299576001,191.0,2.1972245773362196,967.0,643.0,28,0.4197802105542811,3.367295829986474,4004.0,0.6857142857142857,29.72331036
194.68,0.0,4.620255823406132,170.17,2.1377104498038118,998.0,901.8,56,0.5764566200387324,4.04305126783455,10902.08,0.34051490514905147,43.388724679999996
277.19,4.593300013417604,3.2371085931292605,160.7,2.5006159434931803,1061.7,782.46,56,0.4022830149377171,4.04305126783455,15522.64,0.3061055899066263,66.82401392
393.0,0.0,0.0,192.0,0.0,940.0,758.0,3,0.48854960588932306,1.3862943611198906,1179.0,0.0,19.10537996
446.0,3.2188758248682006,4.382026634673881,162.0,2.5368663887187113,967.0,712.0,28,0.29508196183821567,3.367295829986474,12488.0,0.18761384335154827,51.021224
222.36,0.0,4.581594449459386,189.29,1.6974487897568138,967.08,870.32,14,0.593329762300418,2.70805020110221,3113.04,0.30301225590069897,24.44881896
525.0,0.0,0.0,189.0,0.0,1125.0,613.0,180,0.3599999931428573,5.198497031265826,94500.0,0.0,61.921839559999995
122.6,5.219815138393079,0.0,203.5,0.0,958.2,800.1,7,0.6639477760539062,2.0794415416798357,858.1999999999999,0.6,10.354550567999999
250.0,0.0,4.5715099844954565,187.42,1.8764069432883397,956.86,861.17,56,0.5421620370227072,4.04305126783455,14000.0,0.2768087014377043,38.32797084
401.8,4.5612182984589085,0.0,147.4,2.517696472610991,946.8,852.1,3,0.2968781410497857,1.3862943611198906,1205.4,0.19073514602215508,41.09966436
397.0,0.0,0.0,185.7,0.0,1040.6,734.3,7,0.4677581746156631,2.0794415416798357,2779.0,0.0,25.447869684
277.05,0.0,4.588939172877674,160.6,2.551786178627545,973.9,875.61,56,0.42890715658297307,4.04305126783455,15514.800000000001,0.2600950753124666,51.03501352
374.0,5.24807615011129,0.0,170.1,2.4069451083182885,926.1,756.7,91,0.30202414236462816,4.5217885770490405,34034.0,0.33593749999999994,64.90037588
251.81,0.0,4.614526280912116,146.14,2.5915163848462583,1006.0,899.76,28,0.4154655176839938,3.367295829986474,7050.68,0.28412224591329066,33.94290348
374.0,0.0,0.0,190.0,2.0794415416798357,1013.0,730.0,28,0.5080213767908723,3.367295829986474,10472.0,0.0,39.05192064
385.0,0.0,0.0,186.0,0.0,966.0,763.0,28,0.48311687056839303,3.367295829986474,10780.0,0.0,31.35047372
307.0,0.0,0.0,193.0,0.0,968.0,812.0,180,0.6286644746363363,5.198497031265826,55260.0,0.0,34.48758952
302.0,0.0,0.0,203.0,0.0,974.0,817.0,14,0.6721854082057812,2.70805020110221,4228.0,0.0,18.12632404
153.0,4.634728988229636,0.0,192.0,0.0,888.0,943.1,90,0.7529411469434845,4.51085950651685,13770.0,0.4,26.322814728
158.4,0.0,5.277604324950495,219.7,2.4849066497880004,897.7,712.9,28,0.6218511004287829,3.367295829986474,4435.2,0.5516558165864704,8.536402356
250.2,5.122772794033106,0.0,203.5,0.0,977.6,694.1,90,0.4880095806232715,4.51085950651685,22518.0,0.4,47.714497103999996
337.9,5.247024072160486,0.0,174.9,2.3513752571634776,944.7,755.8,3,0.33194153858528114,1.3862943611198906,1013.6999999999999,0.35870184095653823,24.0971862
135.0,4.663439094112067,5.267858159063328,196.0,1.9459101490553132,965.0,643.0,28,0.45265587869155016,3.367295829986474,3780.0,0.6882217090069284,21.91154728
147.0,4.7535901911063645,4.499809670330265,202.0,2.302585092994046,860.0,829.0,28,0.5754985591026052,3.367295829986474,4116.0,0.5811965811965812,19.98790924
427.5,3.8815637979434374,0.0,228.0,0.0,932.0,594.0,7,0.4799999898947371,2.0794415416798357,2992.5,0.1,35.076402024
374.0,5.24807615011129,0.0,170.1,2.4069451083182885,926.1,756.7,56,0.30202414236462816,4.04305126783455,20944.0,0.33593749999999994,63.3973182
375.0,4.551769409260976,0.0,126.6,3.1945831322991562,852.1,992.6,3,0.27005118877877154,1.3862943611198906,1125.0,0.2000853242320819,28.99936056
439.0,5.181783550292085,0.0,186.0,2.4932054526026954,884.9,707.9,28,0.30194804704629796,3.367295829986474,12292.0,0.28733766233766234,65.99664272
322.0,0.0,0.0,203.0,0.0,974.0,800.0,14,0.6304347630299764,2.70805020110221,4508.0,0.0,20.77391188
500.0,0.0,0.0,200.0,0.0,1125.0,613.0,270,0.3999999920000002,5.602118820879701,135000.0,0.0,55.15808
251.37,0.0,4.7813898305905775,192.94,1.9095425048844383,1043.6,754.3,3,0.521967305433197,1.3862943611198906,754.11,0.31995996104317714,11.98309288
349.0,0.0,0.0,192.0,0.0,1047.0,806.0,90,0.5501432507122278,4.51085950651685,31410.0,0.0,39.48629052
491.0,3.295836866004329,4.820281565605037,201.0,1.5953389880545987,822.0,699.0,7,0.3140624950927735,2.0794415416798357,3437.0,0.2328125,37.92118
540.0,0.0,0.0,173.0,0.0,1125.0,613.0,28,0.3203703644375859,3.367295829986474,15120.0,0.0,67.30664712
231.75,0.0,4.809090142334542,173.96,2.0438143640366846,1056.4,778.45,56,0.4922885221640626,4.04305126783455,12978.0,0.34417183122506156,42.69924868
213.76,4.595725727160092,3.239462458476589,181.74,2.0347056478384444,1066.0,785.52,28,0.5403460623076036,3.367295829986474,5985.28,0.36445263721234467,40.2309246
310.0,0.0,0.0,192.0,0.0,1012.0,830.0,7,0.6193548187304898,2.0794415416798357,2170.0,0.0,17.24379476
480.0,0.0,0.0,192.0,0.0,936.2,712.2,7,0.3999999916666669,2.0794415416798357,3360.0,0.0,34.569637164
312.7,4.981549713201159,0.0,127.3,2.1972245773362196,999.7,822.2,28,0.27831219330318774,3.367295829986474,8755.6,0.31635330126803674,44.523602176000004
150.4,4.717605615317879,5.483551344789026,168.1,2.0149030205422647,1000.2,667.2,28,0.33552893541858414,3.367295829986474,4211.2,0.6998003992015969,37.92
156.0,5.187385805840755,5.236441962829949,221.0,2.0794415416798357,854.0,614.0,28,0.42418425289473605,3.367295829986474,4368.0,0.7005758157389635,29.41304616
203.5,5.724565013838729,0.0,203.5,0.0,963.4,630.0,3,0.39996068396303686,1.3862943611198906,610.5,0.6000393081761006,9.561653168
318.8,5.363636832668679,0.0,155.7,2.72785282839839,852.1,880.4,91,0.293054765799835,4.5217885770490405,29010.8,0.39996235648409567,68.09954452
321.0,0.0,5.10594547390058,190.0,1.791759469228055,870.0,774.0,28,0.3917525692422151,3.367295829986474,8988.0,0.33814432989690724,45.82
236.0,5.062595033026967,0.0,192.0,0.0,972.6,749.1,90,0.48854960588932306,4.51085950651685,21240.0,0.3994910941475827,47.782065751999994
439.0,5.181783550292085,0.0,186.0,2.4932054526026954,884.9,707.9,91,0.30194804704629796,4.5217885770490405,39949.0,0.28733766233766234,73.29819356
165.0,4.863680881139593,4.891100725401066,175.06,2.206074192613202,1005.8,746.6,28,0.41132517830532944,3.367295829986474,4620.0,0.612312030075188,46.38794528
380.0,4.564348191467836,0.0,228.0,0.0,932.0,594.0,90,0.4799999898947371,4.51085950651685,34200.0,0.2,40.563252031999994
272.8,4.664382045619938,4.416428061391214,209.7,2.302585092994046,904.0,679.7,28,0.45616705555433856,3.367295829986474,7638.400000000001,0.40656950184903196,37.171030112
446.0,3.2188758248682006,4.382026634673881,162.0,2.5368663887187113,967.0,712.0,7,0.29508196183821567,2.0794415416798357,3122.0,0.18761384335154827,39.300132
305.3,5.320567975482857,0.0,203.5,0.0,965.4,631.0,3,0.39996068396303686,1.3862943611198906,915.9000000000001,0.3999606918238994,14.143910664
164.2,0.0,5.303802296778606,181.2,2.6100697927420065,849.3,846.0,28,0.4973922454737238,3.367295829986474,4597.599999999999,0.5492725775459787,15.091250688
143.3,4.530446639792155,5.483966713434666,200.8,1.9740810260220096,964.8,647.1,28,0.42282584917191307,3.367295829986474,4012.4000000000005,0.6982522636344494,27.09
500.0,0.0,0.0,200.0,0.0,1125.0,613.0,1,0.3999999920000002,0.6931471805599453,500.0,0.0,12.63809508
213.76,4.595725727160092,3.239462458476589,181.74,2.0347056478384444,1066.0,785.52,14,0.5403460623076036,2.70805020110221,2992.64,0.36445263721234467,17.83674412
336.5,0.0,0.0,181.9,1.4816045409242156,985.8,816.8,28,0.5405646198940678,3.367295829986474,9422.0,0.0,44.868340176000004
331.0,0.0,0.0,192.0,0.0,1025.0,821.0,28,0.5800604054362416,3.367295829986474,9268.0,0.0,31.74347504
382.0,0.0,0.0,186.0,0.0,1047.0,739.0,28,0.4869109820180372,3.367295829986474,10696.0,0.0,37.42475728
213.5,0.0,5.166156462945698,154.61,2.5384474167160302,1052.3,775.48,28,0.39874657247777967,3.367295829986474,5978.0,0.4493732913808222,45.939785879999995
388.6,4.585987366571318,0.0,157.9,2.5726122302071057,852.1,925.7,56,0.32509779030064256,4.04305126783455,21761.600000000002,0.19991764463660694,55.19944856
427.5,3.8815637979434374,0.0,228.0,0.0,932.0,594.0,270,0.4799999898947371,5.602118820879701,115425.0,0.1,43.01296026
480.0,0.0,0.0,192.0,0.0,936.0,721.0,28,0.3999999916666669,3.367295829986474,13440.0,0.0,43.892042159999995
252.31,0.0,4.602667055769973,146.25,2.719319793360441,987.76,889.01,56,0.4165954419017991,4.04305126783455,14129.36,0.28129094741639604,55.82687172
234.0,5.056245805348308,0.0,189.0,1.9242486522741338,981.0,760.0,28,0.48461537218934947,3.367295829986474,6552.0,0.4,39.300132
190.0,5.25227342804663,0.0,228.0,0.0,932.0,670.0,90,0.5999999842105268,4.51085950651685,17100.0,0.5,42.32693164
274.0,4.499809670330265,4.7535901911063645,202.0,2.302585092994046,759.0,827.0,28,0.4225941334185328,3.367295829986474,7672.0,0.42677824267782427,35.52
323.7,5.648269764725942,0.0,183.8,2.424802725718295,942.7,659.9,56,0.3030502835441009,4.04305126783455,18127.2,0.4662819455894477,80.19984832
152.0,0.0,5.472270673671475,204.0,1.9459101490553132,785.0,892.0,28,0.5244215803490596,3.367295829986474,4256.0,0.609254498714653,32.71
400.0,0.0,0.0,187.0,0.0,1025.0,745.0,7,0.46749998831250034,2.0794415416798357,2800.0,0.0,30.143890719999998
213.5,0.0,5.166156462945698,159.21,2.5384474167160302,1043.6,771.9,14,0.41061019212332517,2.70805020110221,2989.0,0.4493732913808222,29.592309919999998
320.0,0.0,5.099866427824199,188.0,2.302585092994046,866.0,776.0,28,0.38923394639267195,3.367295829986474,8960.0,0.33747412008281574,45.69
375.0,0.0,0.0,186.0,0.0,1038.0,758.0,7,0.49599998677333373,2.0794415416798357,2625.0,0.0,26.0621928
213.74,0.0,5.169005630067697,154.79,2.412335956953165,1053.5,776.35,100,0.3984503604188025,4.61512051684126,21374.0,0.44980436573311366,50.07664188
159.0,0.0,5.236441962829949,176.0,2.4849066497880004,990.0,789.0,28,0.5086705055297542,3.367295829986474,4452.0,0.5404624277456648,32.57
307.0,0.0,0.0,193.0,0.0,968.0,812.0,28,0.6286644746363363,3.367295829986474,8596.0,0.0,27.53077668
385.0,0.0,0.0,186.0,0.0,966.0,763.0,1,0.48311687056839303,0.6931471805599453,385.0,0.0,6.26733684
349.0,0.0,0.0,192.0,0.0,1047.0,806.0,180,0.5501432507122278,5.198497031265826,62820.0,0.0,41.05140104
214.9,4.00369019395397,4.811289646296506,155.63,2.361796952625892,1014.3,780.58,3,0.39844849078449296,1.3862943611198906,644.7,0.4498067026805602,18.01600788
108.3,5.096201182425903,0.0,203.5,0.0,938.2,849.0,28,0.7517546822403147,3.367295829986474,3032.4,0.5999261174732177,20.593958644
380.0,4.564348191467836,0.0,228.0,0.0,932.0,594.0,180,0.4799999898947371,5.198497031265826,68400.0,0.2,40.759063216
304.0,4.343805421853684,0.0,228.0,0.0,932.0,670.0,90,0.5999999842105268,4.51085950651685,27360.0,0.2,49.185149411999994
190.34,0.0,4.837709458942664,161.85,2.3869262414277967,1088.1,802.59,3,0.5129627119370338,1.3862943611198906,571.02,0.39674188640973634,9.4458212
237.5,5.474369310328396,0.0,228.0,0.0,932.0,594.0,180,0.4799999898947371,5.198497031265826,42750.0,0.5,36.251958603999995
162.0,5.003946305945459,5.2574953720277815,179.0,2.833213344056216,840.0,743.0,28,0.357285422010271,3.367295829986474,4536.0,0.6766467065868264,41.81
251.37,0.0,4.7813898305905775,188.45,1.9947003132247452,1028.4,757.73,28,0.5098203519689333,3.367295829986474,7038.360000000001,0.31995996104317714,32.66047812
252.0,4.584967478670572,4.343805421853684,194.0,2.1972245773362196,835.0,821.0,28,0.45647057749480996,3.367295829986474,7056.0,0.40705882352941175,33.398217439999996
313.0,4.983606621708336,0.0,127.0,2.1972245773362196,1000.0,822.0,28,0.27729257036479105,3.367295829986474,8764.0,0.3165938864628821,44.51946532
480.0,0.0,0.0,192.0,0.0,936.0,721.0,3,0.3999999916666669,1.3862943611198906,1440.0,0.0,24.39366088
146.0,5.442417710521793,0.0,202.0,1.3862943611198906,827.0,872.0,28,0.5372340282650525,3.367295829986474,4088.0,0.6117021276595744,33.0603742
375.0,4.551769409260976,0.0,126.6,3.1945831322991562,852.1,992.6,56,0.27005118877877154,4.04305126783455,21000.0,0.2000853242320819,60.19814956
332.5,4.966335035199676,0.0,228.0,0.0,932.0,594.0,270,0.4799999898947371,5.602118820879701,89775.0,0.3,40.269535256000005
393.0,0.0,0.0,192.0,0.0,940.6,785.6,3,0.48854960588932306,1.3862943611198906,1179.0,0.0,19.199148695999998
222.36,0.0,4.581594449459386,189.29,1.6974487897568138,967.08,870.32,56,0.593329762300418,4.04305126783455,12452.16,0.30301225590069897,29.447519959999997
277.0,4.770684624465665,4.5217885770490405,191.0,2.0794415416798357,946.0,666.0,28,0.39381442486980567,3.367295829986474,7756.0,0.4288659793814433,43.5748832
213.5,0.0,5.166156462945698,154.61,2.5384474167160302,1052.3,775.48,56,0.39874657247777967,4.04305126783455,11956.0,0.4493732913808222,51.4349096
158.8,5.477300022076476,0.0,185.7,0.0,1040.6,734.3,7,0.4677581746156631,2.0794415416798357,1111.6000000000001,0.6,9.617500724000001
194.68,0.0,4.620255823406132,170.17,2.1377104498038118,998.0,901.8,28,0.5764566200387324,3.367295829986474,5451.04,0.34051490514905147,37.2661778
251.37,0.0,4.7813898305905775,192.94,1.9095425048844383,1043.6,754.3,14,0.521967305433197,2.70805020110221,3519.1800000000003,0.31995996104317714,20.72564856
254.0,0.0,0.0,198.0,0.0,968.0,863.0,365,0.7795275283650579,5.902633333401366,92710.0,0.0,29.7853632
173.81,4.547223226033242,5.080783053998338,172.34,2.373043556642607,1007.2,746.6,28,0.4035309449393335,3.367295829986474,4866.68,0.5930270675283319,37.810863839999996
362.6,5.247024072160486,0.0,164.9,2.533696813957432,944.7,755.8,91,0.29894850799585737,4.5217885770490405,32996.6,0.3426395939086294,79.29663476
150.0,5.472270673671475,0.0,174.0,2.5649493574615367,1069.0,675.0,28,0.44961239148288396,3.367295829986474,4200.0,0.6124031007751938,37.431652039999996
153.0,4.983606621708336,0.0,178.0,2.1972245773362196,1000.0,822.0,28,0.5973154161974693,3.367295829986474,4284.0,0.4865771812080537,19.00885332
342.0,4.919980925828125,0.0,225.0,2.4849066497880004,770.0,747.0,28,0.4707112872236133,3.367295829986474,9576.0,0.28451882845188287,32.04
260.9,4.620058798481842,4.373238128640803,200.6,2.2617630984737906,864.5,761.5,28,0.4562201397266286,3.367295829986474,7305.199999999999,0.4066408915169434,32.401235144
153.0,4.634728988229636,0.0,192.0,0.0,888.0,943.1,3,0.7529411469434845,1.3862943611198906,459.0,0.4,4.782205536
266.0,4.727387818712341,4.477336814478207,178.0,2.3978952727983707,910.0,745.0,28,0.3827956906925658,3.367295829986474,7448.0,0.42795698924731185,39.417342919999996
525.0,0.0,0.0,189.0,0.0,1125.0,613.0,14,0.3599999931428573,2.70805020110221,7350.0,0.0,48.401215199999996
387.0,3.044522437723423,4.553876891600541,157.0,2.703372611551099,938.0,845.0,3,0.3133732472380589,1.3862943611198906,1161.0,0.2275449101796407,25.510612
318.0,0.0,4.844187086458591,210.0,1.9459101490553132,861.0,737.0,28,0.4729729623204288,3.367295829986474,8904.0,0.28378378378378377,40.0585556
153.0,4.983606621708336,4.736198448394496,178.0,2.1972245773362196,1002.0,689.0,28,0.4330900137934304,3.367295829986474,4284.0,0.6277372262773723,25.55887532
313.3,5.572914199451162,0.0,175.5,2.2617630984737906,1046.9,611.8,7,0.3049522101659043,2.0794415416798357,2193.1,0.4556038227628149,42.79577532
181.38,0.0,5.124023501441311,169.59,2.1471001901536506,1055.6,777.8,56,0.48678204062165853,4.04305126783455,10157.279999999999,0.47937656075088264,35.570066839999996
139.6,5.349010480863555,0.0,192.0,0.0,1047.0,806.9,7,0.5501432507122278,2.0794415416798357,977.1999999999999,0.6,14.589312159999999
451.0,0.0,0.0,165.0,2.505525936990736,1030.0,745.0,28,0.36585365042453105,3.367295829986474,12628.0,0.0,78.80021203999999
333.0,0.0,0.0,192.0,0.0,931.2,842.6,7,0.5765765592619653,2.0794415416798357,2331.0,0.0,23.404952295999998
108.3,5.096201182425903,0.0,203.5,0.0,938.2,849.0,7,0.7517546822403147,2.0794415416798357,758.1,0.5999261174732177,7.723510152
375.0,4.551769409260976,0.0,126.6,3.1945831322991562,852.1,992.6,91,0.27005118877877154,4.5217885770490405,34125.0,0.2000853242320819,62.5009994
359.0,2.995732273553991,4.955827057601261,154.0,2.477378383367209,942.0,801.0,56,0.2967244644176404,4.04305126783455,20104.0,0.30828516377649323,68.75060685418796
287.3,4.799914262780603,4.552823705615882,187.6,2.322387720290225,904.4,695.9,28,0.3739286351618769,3.367295829986474,8044.400000000001,0.4273470201315527,43.798273423999994
151.6,0.0,4.726502471155617,184.4,2.186051276738094,992.0,815.9,28,0.6998102201210543,3.367295829986474,4244.8,0.42466793168880457,12.180972492
141.9,5.121580188047982,4.872904620630176,173.5,2.4765384001174837,882.6,785.3,28,0.395937918851257,3.367295829986474,3973.2000000000003,0.6761752624372431,44.61185510399999
366.0,5.236441962829949,0.0,191.0,2.0794415416798357,824.0,757.0,28,0.3453887821810347,3.367295829986474,10248.0,0.33815551537070526,65.90701084
310.0,0.0,0.0,192.0,0.0,1012.0,830.0,90,0.6193548187304898,4.51085950651685,27900.0,0.0,35.763120119999996
153.0,4.634728988229636,0.0,192.0,0.0,888.0,943.1,28,0.7529411469434845,3.367295829986474,4284.0,0.4,17.96429718
181.9,5.612397912854348,0.0,185.7,0.0,1012.4,714.3,7,0.408401134629401,2.0794415416798357,1273.3,0.5999560149549152,12.37264682
165.0,0.019802627296179712,4.973763819320351,163.81,0.0,1005.6,900.9,56,0.5308337752087309,4.04305126783455,9240.0,0.4653099581969603,36.56291228
164.0,0.0,5.303304908059076,181.0,2.639057329615259,849.0,846.0,28,0.49725273359195793,3.367295829986474,4592.0,0.5494505494505495,15.08573488
255.0,4.605170185988092,4.356708826689592,189.0,1.9459101490553132,919.0,749.0,28,0.43851507103213294,3.367295829986474,7140.0,0.40835266821345706,33.79811352
333.0,0.0,0.0,192.0,0.0,931.2,842.6,3,0.5765765592619653,1.3862943611198906,999.0,0.0,15.615941924
236.0,0.0,0.0,194.0,0.0,968.0,885.0,90,0.8220338634731413,4.51085950651685,21240.0,0.0,21.946021079999998
375.0,4.551769409260976,0.0,126.6,3.1945831322991562,852.1,992.6,7,0.27005118877877154,2.0794415416798357,2625.0,0.2000853242320819,45.69846928
500.0,0.0,0.0,200.0,0.0,1125.0,613.0,180,0.3999999920000002,5.198497031265826,90000.0,0.0,51.04190828
154.8,5.2171073111224935,0.0,193.3,2.312535423847214,877.2,867.7,28,0.5715552758262781,3.367295829986474,4334.400000000001,0.5422826729745712,23.786922
212.57,0.0,4.618974466964488,159.35,2.4309783077624445,1003.8,903.79,56,0.5091704847529881,4.04305126783455,11903.92,0.32077581799591004,44.395359639999995
288.0,5.262690188904886,0.0,192.0,0.0,932.0,717.8,90,0.3999999916666669,4.51085950651685,25920.0,0.4,50.526869708
144.0,4.919980925828125,4.672828834461906,178.0,2.0794415416798357,941.0,774.0,28,0.4611398844264279,3.367295829986474,4032.0,0.6269430051813472,26.14492992
297.16,0.0,4.775250456359692,174.8,2.3532782073095637,1022.8,753.45,14,0.42150951479359744,2.70805020110221,4160.240000000001,0.2834338075717386,36.990387399999996
212.52,0.0,4.618777189394308,159.32,2.2731562823032334,1007.8,903.59,28,0.5091885164374536,3.367295829986474,5950.56,0.3207836619898367,31.640053639999998
359.0,2.995732273553991,4.955827057601261,154.0,2.477378383367209,942.0,801.0,3,0.2967244644176404,1.3862943611198906,1077.0,0.30828516377649323,23.639177145812038
259.9,4.6210435351443815,4.37449836825309,170.6,2.4336133554004498,935.7,762.9,28,0.3886990114217587,3.367295829986474,7277.199999999999,0.4078377762588289,49.77327244
229.97,0.0,4.781725147887709,195.47,1.728109442151599,1029.4,758.59,56,0.5612438106912884,4.04305126783455,12878.32,0.33969794418284144,31.53663224
165.3,4.971201224850849,5.477717994914328,200.4,2.0918640616783932,883.2,652.6,28,0.3664959698885156,3.367295829986474,4628.400000000001,0.6976956839795172,32.84
295.71,0.0,4.570992734186505,171.54,2.28949985344539,955.14,859.2,28,0.43832885043237896,3.367295829986474,8279.88,0.24438482177079343,39.94134468
310.0,0.0,0.0,192.0,0.0,970.0,850.0,90,0.6193548187304898,4.51085950651685,27900.0,0.0,34.6806428
233.81,0.0,4.559963593150012,197.89,1.7168563092013707,947.04,852.16,100,0.6026066383688103,4.61512051684126,23381.0,0.28801120618776455,34.55653712
469.0,4.772378104971998,0.0,137.8,3.502549875922443,852.1,840.5,91,0.23507334979404043,4.5217885770490405,42679.0,0.19993176390310474,70.69886903999999
203.5,5.724565013838729,0.0,203.5,0.0,963.4,630.0,90,0.39996068396303686,4.51085950651685,18315.0,0.6000393081761006,51.863763672
246.83,0.0,4.836916626109569,143.3,2.5641798306825083,1086.8,800.89,100,0.3853082631467758,4.61512051684126,24683.0,0.33631792638003816,66.42411784
298.0,4.68213122712422,0.0,186.0,1.9459101490553132,879.0,815.0,28,0.45925924791952477,3.367295829986474,8344.0,0.2641975308641975,30.97
475.0,0.0,0.0,228.0,0.0,932.0,594.0,7,0.4799999898947371,2.0794415416798357,3325.0,0.0,38.60376124
491.0,3.295836866004329,4.820281565605037,201.0,1.5953389880545987,822.0,699.0,56,0.3140624950927735,4.04305126783455,27496.0,0.2328125,61.85584685418796
251.37,0.0,4.7813898305905775,192.94,1.9095425048844383,1043.6,754.3,28,0.521967305433197,3.367295829986474,7038.360000000001,0.31995996104317714,33.27411176
540.0,0.0,0.0,173.0,0.0,1125.0,613.0,14,0.3203703644375859,2.70805020110221,7560.0,0.0,59.76377968
229.68,0.0,4.780467127845082,195.23,1.9643112344262046,1028.1,757.63,56,0.5612637833123337,4.04305126783455,12862.08,0.3396964121435142,31.35047372
469.0,4.772378104971998,0.0,137.8,3.502549875922443,852.1,840.5,28,0.23507334979404043,3.367295829986474,13132.0,0.19993176390310474,66.89985628
322.2,0.0,4.758749273916392,196.0,2.4336133554004498,817.9,813.4,28,0.44769300028111014,3.367295829986474,9021.6,0.2640475102786661,31.178794196000002
425.0,4.675628649636653,0.0,151.4,2.975529566236472,936.0,803.7,3,0.28496141003272335,1.3862943611198906,1275.0,0.2000752870318088,36.3009114
300.0,0.0,4.795790545596741,212.0,2.3978952727983707,878.0,728.0,28,0.5047618927437645,3.367295829986474,8400.0,0.2857142857142857,23.83518532
339.0,0.0,0.0,197.0,0.0,968.0,781.0,3,0.5811209268105921,1.3862943611198906,1017.0,0.0,13.22414968
250.0,0.0,4.5715099844954565,191.84,1.8453002361560848,948.9,857.2,56,0.554948058811419,4.04305126783455,14000.0,0.2768087014377043,39.64487
250.0,0.0,4.5715099844954565,191.84,1.8453002361560848,948.9,857.2,28,0.554948058811419,3.367295829986474,7000.0,0.2768087014377043,27.22051248
251.37,0.0,4.7813898305905775,188.45,1.9095425048844383,1028.4,757.73,14,0.5098203519689333,2.70805020110221,3519.1800000000003,0.31995996104317714,29.93015316
238.05,0.0,4.555034116494294,186.66,2.0794415416798357,949.91,847.01,56,0.5619580755672544,4.04305126783455,13330.800000000001,0.2833273121387283,39.58971192
181.38,0.0,5.124023501441311,169.59,2.1471001901536506,1055.6,777.8,3,0.48678204062165853,1.3862943611198906,544.14,0.47937656075088264,13.62404576
213.74,0.0,5.169005630067697,154.79,2.412335956953165,1053.5,776.35,56,0.3984503604188025,4.04305126783455,11969.44,0.44980436573311366,46.6430514
475.0,0.0,0.0,228.0,0.0,932.0,594.0,180,0.4799999898947371,5.198497031265826,85500.0,0.0,42.620648416
382.0,0.0,0.0,186.0,0.0,1047.0,739.0,7,0.4869109820180372,2.0794415416798357,2674.0,0.0,24.00065956
192.0,5.666426688112432,0.0,192.0,0.0,929.8,716.1,90,0.3999999916666669,4.51085950651685,17280.0,0.6,50.732333556
212.0,4.957937505095806,0.0,203.5,0.0,973.4,750.0,3,0.575997719332077,1.3862943611198906,636.0,0.39994339088593267,6.8085755
212.0,0.0,4.834534349115358,159.0,2.179286876649552,1085.4,799.54,14,0.4721182827923784,2.70805020110221,2968.0,0.37050893758536735,31.35047372
133.0,5.351858133476067,0.0,196.0,1.3862943611198906,949.0,795.0,28,0.5714285547688468,3.367295829986474,3724.0,0.6122448979591837,31.026419999999998
380.0,4.564348191467836,0.0,228.0,0.0,932.0,594.0,365,0.4799999898947371,5.902633333401366,138700.0,0.2,43.698299404
297.16,0.0,4.775250456359692,174.8,2.3532782073095637,1022.8,753.45,3,0.42150951479359744,1.3862943611198906,891.48,0.2834338075717386,21.91154728
148.0,4.700480365792417,4.941642422609304,193.0,2.0794415416798357,768.0,902.0,28,0.4873737250663201,3.367295829986474,4144.0,0.6262626262626263,28.03
275.07,0.0,4.806885789888681,159.48,2.388762789235098,1053.6,777.5,100,0.402300580134691,4.61512051684126,27507.0,0.3061147268049039,58.60546
401.8,4.5612182984589085,0.0,147.4,2.517696472610991,946.8,852.1,56,0.2968781410497857,4.04305126783455,22500.8,0.19073514602215508,73.69808963999999
157.0,5.4680601411351315,0.0,192.0,0.0,935.4,781.2,28,0.48854960588932306,3.367295829986474,4396.0,0.6005089058524173,33.664355176
140.0,4.859812404361672,5.10594547390058,237.0,1.9459101490553132,869.0,656.0,28,0.5486110984117801,3.367295829986474,3920.0,0.6759259259259259,29.5
297.1,3.735285826928092,5.484381909620826,194.0,2.1400661634962708,908.9,651.8,28,0.335698211875788,3.367295829986474,8318.800000000001,0.4858972140508739,49.17
233.81,0.0,4.559963593150012,197.89,1.7168563092013707,947.04,852.16,28,0.6026066383688103,3.367295829986474,6546.68,0.28801120618776455,22.83544512
273.0,4.663439094112067,4.418840607796598,210.0,2.302585092994046,904.0,680.0,28,0.4565217292060494,3.367295829986474,7644.0,0.40652173913043477,37.16965116
500.0,0.0,0.0,151.0,2.302585092994046,1033.0,655.0,28,0.30199999396000016,3.367295829986474,14000.0,0.0,69.83702404
342.0,3.6635616461296463,0.0,228.0,0.0,932.0,670.0,180,0.5999999842105268,5.198497031265826,61560.0,0.1,52.1243856
238.0,0.0,0.0,186.0,0.0,1119.0,789.0,7,0.7815125722053541,2.0794415416798357,1666.0,0.0,12.052040479999999
296.0,0.0,0.0,192.0,0.0,1085.0,765.0,7,0.6486486267348437,2.0794415416798357,2072.0,0.0,14.2032056
141.3,5.3612921657094255,0.0,203.5,0.0,971.8,748.5,3,0.575997719332077,1.3862943611198906,423.90000000000003,0.6000566091140673,4.827710952
178.03,4.873669439023098,4.784152841516532,179.94,1.5195132049061133,1007.3,746.8,28,0.42196842572125726,3.367295829986474,4984.84,0.5825106113547358,39.1622368
290.2,5.270432163058501,0.0,185.7,0.0,998.2,704.3,7,0.3839156422593417,2.0794415416798357,2031.3999999999999,0.40004134794293983,21.859147104
388.6,4.585987366571318,0.0,157.9,2.5726122302071057,852.1,925.7,3,0.32509779030064256,1.3862943611198906,1165.8000000000002,0.19991764463660694,28.096147
165.0,0.019802627296179712,4.973763819320351,163.81,0.0,1005.6,900.9,3,0.5308337752087309,1.3862943611198906,495.0,0.4653099581969603,14.39625888
313.3,0.0,4.736198448394496,178.5,2.1972245773362196,1001.9,688.7,28,0.4187192020004879,3.367295829986474,8772.4,0.2650715458597232,36.804918356
475.0,0.0,0.0,228.0,0.0,932.0,594.0,28,0.4799999898947371,3.367295829986474,13300.0,0.0,39.28978986
525.0,0.0,0.0,189.0,0.0,1125.0,613.0,270,0.3599999931428573,5.602118820879701,141750.0,0.0,67.11359384
167.0,4.335982696172475,5.123963979403259,164.03,2.187174241482718,1007.3,770.1,100,0.40065949192331485,4.61512051684126,16700.0,0.5920859794821691,56.8128224
166.8,5.526249434594043,0.0,203.5,0.0,975.6,692.6,90,0.4880095806232715,4.51085950651685,15012.000000000002,0.6,43.565230536
139.6,5.349010480863555,0.0,192.0,0.0,1047.0,806.9,180,0.5501432507122278,5.198497031265826,25128.0,0.6,44.207822168
362.6,5.247024072160486,0.0,164.9,2.533696813957432,944.7,755.8,28,0.29894850799585737,3.367295829986474,10152.800000000001,0.3426395939086294,71.29871315999999
213.5,0.0,5.166156462945698,154.61,2.5384474167160302,1052.3,775.48,3,0.39874657247777967,1.3862943611198906,640.5,0.4493732913808222,17.36790044
150.9,0.0,5.219815138393079,166.6,2.533696813957432,991.2,772.2,28,0.4976104988766279,3.367295829986474,4225.2,0.5492831541218638,15.569747031999999
310.0,0.0,0.0,192.0,0.0,970.0,850.0,28,0.6193548187304898,3.367295829986474,8680.0,0.0,27.923778
342.0,3.6635616461296463,0.0,228.0,0.0,932.0,670.0,270,0.5999999842105268,5.602118820879701,92340.0,0.1,55.064311264
265.0,4.718498871295094,4.465908118654584,195.0,1.9459101490553132,833.0,790.0,28,0.42207791294203656,3.367295829986474,7420.0,0.4264069264069264,41.540929
310.0,0.0,0.0,192.0,0.0,971.0,850.6,3,0.6193548187304898,1.3862943611198906,930.0,0.0,9.86640156
277.05,0.0,4.588939172877674,160.6,2.551786178627545,973.9,875.61,100,0.42890715658297307,4.61512051684126,27705.0,0.2600950753124666,55.6407132
299.0,4.68213122712422,0.0,210.0,2.3978952727983707,881.0,745.0,28,0.5172413665704098,3.367295829986474,8372.0,0.26354679802955666,28.29
144.8,0.0,4.902307417210627,180.8,2.4932054526026954,979.5,811.5,28,0.6494252640292651,3.367295829986474,4054.4000000000005,0.47988505747126436,13.202086448
469.0,4.772378104971998,0.0,137.8,3.502549875922443,852.1,840.5,3,0.23507334979404043,1.3862943611198906,1407.0,0.19993176390310474,40.1964508
277.19,4.593300013417604,3.2371085931292605,160.7,2.5006159434931803,1061.7,782.46,28,0.4022830149377171,3.367295829986474,7761.32,0.3061055899066263,63.14221208
342.0,3.6635616461296463,0.0,228.0,0.0,932.0,670.0,90,0.5999999842105268,4.51085950651685,30780.0,0.1,50.45930106
277.0,0.0,0.0,191.0,0.0,968.0,856.0,14,0.689530661027774,2.70805020110221,3878.0,0.0,21.26343984
149.5,5.4680601411351315,0.0,175.8,2.6100697927420065,846.8,892.7,28,0.4560311165750684,3.367295829986474,4186.0,0.6121919584954605,32.96384756
362.6,5.247024072160486,0.0,164.9,2.533696813957432,944.7,755.8,28,0.29894850799585737,3.367295829986474,10152.800000000001,0.3426395939086294,71.29871315999999
157.0,5.4680601411351315,0.0,192.0,0.0,935.4,781.2,7,0.48854960588932306,2.0794415416798357,1099.0,0.6005089058524173,16.889404096
475.0,0.0,0.0,162.0,2.3513752571634776,1044.0,662.0,28,0.3410526243988921,3.367295829986474,13300.0,0.0,58.522722879999996
194.68,0.0,4.620255823406132,170.17,2.1377104498038118,998.0,901.8,3,0.5764566200387324,1.3862943611198906,584.04,0.34051490514905147,12.17614616
491.0,3.295836866004329,4.820281565605037,210.0,1.5953389880545987,882.0,699.0,56,0.32812499487304697,4.04305126783455,27496.0,0.2328125,59.590425715270676
154.0,4.727387818712341,4.976733742420574,220.0,2.3978952727983707,923.0,658.0,28,0.5365853527662109,3.367295829986474,4312.0,0.624390243902439,26.82
167.0,4.335982696172475,5.123963979403259,164.03,2.187174241482718,1007.3,770.1,14,0.40065949192331485,2.70805020110221,2338.0,0.5920859794821691,32.90179472
252.0,0.0,0.0,186.0,0.0,1111.0,784.0,7,0.7380952088057456,2.0794415416798357,1764.0,0.0,11.46598588
374.0,5.24807615011129,0.0,170.1,2.4069451083182885,926.1,756.7,3,0.30202414236462816,1.3862943611198906,1122.0,0.33593749999999994,34.39795764
157.0,5.3706380281276624,5.030437921392435,200.0,2.302585092994046,819.0,704.0,28,0.3824091705084289,3.367295829986474,4396.0,0.6998087954110899,33.05347944
143.7,5.1428324637076415,4.894850261102546,191.6,2.2512917986064953,814.1,805.3,28,0.429115331934707,3.367295829986474,4023.5999999999995,0.6781634938409853,29.870858223999996
218.23,4.018902367055242,4.82655218668264,140.75,2.558002204858551,1075.7,792.67,56,0.35484683335820416,4.04305126783455,12220.88,0.4498172192108913,61.99078716
183.9,4.817050545023591,0.0,203.5,0.0,959.2,800.0,7,0.6639477760539062,2.0794415416798357,1287.3,0.39999999999999997,10.787541496
331.0,0.0,0.0,192.0,0.0,879.0,825.0,3,0.5800604054362416,1.3862943611198906,993.0,0.0,13.52062436
250.2,5.122772794033106,0.0,203.5,0.0,977.6,694.1,3,0.4880095806232715,1.3862943611198906,750.5999999999999,0.4,9.731264264
374.0,5.24807615011129,0.0,170.1,2.4069451083182885,926.1,756.7,7,0.30202414236462816,2.0794415416798357,2618.0,0.33593749999999994,46.20178676
157.0,5.4680601411351315,0.0,192.0,0.0,935.4,781.2,90,0.48854960588932306,4.51085950651685,14130.0,0.6005089058524173,43.377003588
331.0,0.0,0.0,192.0,0.0,1025.0,821.0,120,0.5800604054362416,4.795790545596741,39720.0,0.0,39.382869119999995
116.0,5.159055299214529,0.0,192.0,0.0,909.8,891.9,90,0.6643598386034658,4.51085950651685,10440.0,0.5986159169550173,31.023662096000002
286.3,5.307772525318792,0.0,144.7,2.501435951739211,1004.6,803.7,91,0.29700327797612314,4.5217885770490405,26053.3,0.41235632183908044,76.80073164
528.0,0.0,0.0,185.0,2.061786606441115,920.0,720.0,28,0.3503787812428261,3.367295829986474,14784.0,0.0,56.83350668
316.1,5.35517017814082,0.0,185.7,0.0,977.0,689.3,28,0.3525056880693681,3.367295829986474,8850.800000000001,0.39996203492786636,38.70028788
173.81,4.547223226033242,5.080783053998338,172.34,2.373043556642607,1007.2,746.6,14,0.4035309449393335,2.70805020110221,2433.34,0.5930270675283319,29.55094136
475.0,4.785823685681349,0.0,181.1,2.2925347571405443,852.1,781.5,56,0.30498483824545575,4.04305126783455,26600.0,0.20006736274840015,72.29845336
141.1,0.4700036292457356,5.349485653122436,188.8,1.7227665977411035,996.1,789.2,28,0.5375854061051992,3.367295829986474,3950.7999999999997,0.5982346241457859,30.43
313.3,4.983606621708336,0.0,178.5,2.1972245773362196,1001.9,688.7,28,0.38948286298313634,3.367295829986474,8772.4,0.31638664630154917,41.053469468
321.4,0.0,4.859036909945142,182.5,2.5257286443082556,870.1,779.7,28,0.4061873935858582,3.367295829986474,8999.199999999999,0.2846650344981082,37.265488323999996
290.35,0.0,4.576564928977757,168.08,2.3427668826268775,961.18,865.0,28,0.4348433385547477,3.367295829986474,8129.800000000001,0.2488293276071715,34.73580088
531.3,0.0,0.0,141.8,3.374168709274236,852.1,893.7,28,0.26689252273870656,3.367295829986474,14876.399999999998,0.0,56.3991368
322.5,5.007965065540377,0.0,185.8,2.2512917986064953,951.0,709.5,28,0.39439608587569336,3.367295829986474,9030.0,0.3154319677350881,52.426376088
144.0,2.772588722239781,5.278114659230518,176.0,1.9459101490553132,1021.0,709.0,28,0.49717512719844276,3.367295829986474,4032.0,0.5932203389830508,15.340841
148.0,0.0,4.927253685157205,158.0,2.833213344056216,1002.0,830.0,28,0.5543859454601423,3.367295829986474,4144.0,0.4807017543859649,17.95395504
236.0,0.0,0.0,193.0,0.0,968.0,885.0,180,0.8177965755170943,5.198497031265826,42480.0,0.0,24.104080959999997
151.0,0.0,5.220355825078325,167.0,2.5649493574615367,991.0,772.0,28,0.49850744780574785,3.367295829986474,4228.0,0.5492537313432836,15.568368079999999
480.0,0.0,0.0,192.0,0.0,936.0,721.0,90,0.3999999916666669,4.51085950651685,43200.0,0.0,54.27555072
255.5,5.143416405330075,0.0,185.7,0.0,1026.6,724.3,7,0.4361202340037521,2.0794415416798357,1788.5,0.3999530295913575,17.236210524
322.0,0.0,0.0,203.0,0.0,974.0,800.0,28,0.6304347630299764,3.367295829986474,9016.0,0.0,25.17966352
212.57,0.0,4.618974466964488,159.35,2.4309783077624445,1003.8,903.79,28,0.5091704847529881,3.367295829986474,5951.96,0.32077581799591004,37.404073
198.6,4.893352133481524,0.0,192.0,0.0,978.4,825.5,90,0.5800604054362416,4.51085950651685,17874.0,0.4,38.074243671999994
326.0,0.0,4.9344739331306915,199.0,2.4849066497880004,801.0,792.0,28,0.4288793011017392,3.367295829986474,9128.0,0.2974137931034483,40.679083999999996
362.6,5.247024072160486,0.0,164.9,2.533696813957432,944.7,755.8,56,0.29894850799585737,4.04305126783455,20305.600000000002,0.3426395939086294,77.29715436
354.0,0.0,0.0,234.0,1.9459101490553132,959.0,691.0,28,0.6610169304797477,3.367295829986474,9912.0,0.0,33.91
202.0,2.4849066497880004,4.955827057601261,206.0,1.000631880307906,942.0,801.0,56,0.5819208875163592,4.04305126783455,11312.0,0.4293785310734463,23.24519085418796
362.6,5.247024072160486,0.0,164.9,2.533696813957432,944.7,755.8,28,0.29894850799585737,3.367295829986474,10152.800000000001,0.3426395939086294,71.29871315999999
387.0,3.044522437723423,4.553876891600541,157.0,2.534490149976828,938.0,845.0,3,0.3133732472380589,1.3862943611198906,1161.0,0.2275449101796407,34.77027468
140.0,4.859812404361672,5.10594547390058,183.0,2.5649493574615367,871.0,775.0,28,0.4236111013052986,3.367295829986474,3920.0,0.6759259259259259,33.38
213.76,4.595725727160092,3.239462458476589,181.74,2.0347056478384444,1066.0,785.52,3,0.5403460623076036,1.3862943611198906,641.28,0.36445263721234467,13.18278112
164.6,0.0,5.019925341003349,181.6,2.5416019934645457,1023.3,728.9,28,0.5765079182060978,3.367295829986474,4608.8,0.4774603174603175,18.033934256
334.0,2.9231615807191558,5.0689042022202315,189.0,2.791165107812717,967.0,633.0,28,0.3708791136012733,3.367295829986474,9352.0,0.3445839874411303,44.32641204
212.57,0.0,4.618974466964488,159.35,2.4309783077624445,1003.8,903.79,14,0.5091704847529881,2.70805020110221,2975.98,0.32077581799591004,25.3727168
167.35,4.874433672915854,4.86460709299957,175.46,2.1736147116970854,1006.3,746.6,3,0.41200365341527573,1.3862943611198906,502.04999999999995,0.6070397069528259,14.94094492
315.0,4.927253685157205,0.0,145.0,1.9315214116032138,1130.0,745.0,28,0.3207964530797245,3.367295829986474,8820.0,0.3030973451327434,81.75116932
332.5,4.966335035199676,0.0,228.0,0.0,932.0,594.0,90,0.4799999898947371,4.51085950651685,29925.0,0.3,37.721921436
424.0,3.1354942159291497,4.890349128221754,178.0,2.2491843162669305,822.0,750.0,28,0.30795847218064926,3.367295829986474,11872.0,0.2664359861591695,62.052839999999996
213.5,0.0,5.166156462945698,154.61,2.5384474167160302,1052.3,775.48,100,0.39874657247777967,4.61512051684126,21350.0,0.4493732913808222,59.30183076
289.0,0.0,0.0,192.0,0.0,913.2,895.3,90,0.6643598386034658,4.51085950651685,26010.0,0.0,32.068218236
141.3,5.3612921657094255,0.0,203.5,0.0,971.8,748.5,28,0.575997719332077,3.367295829986474,3956.4000000000005,0.6000566091140673,29.89223198
250.0,0.0,4.5715099844954565,187.42,1.8764069432883397,956.86,861.17,100,0.5421620370227072,4.61512051684126,25000.0,0.2768087014377043,42.347615919999996
296.0,0.0,4.68213122712422,221.0,2.4849066497880004,819.0,778.0,28,0.5483870831665737,3.367295829986474,8288.0,0.2655086848635236,31.419421319999998
278.0,0.0,4.770684624465665,205.0,2.302585092994046,875.0,799.0,28,0.5189873286332323,3.367295829986474,7784.0,0.29620253164556964,32.71
317.9,0.0,4.848116364598481,209.7,1.9021075263969205,860.5,736.6,28,0.4718721766005361,3.367295829986474,8901.199999999999,0.2846534653465347,40.062002979999995
393.0,0.0,0.0,192.0,0.0,940.6,785.6,7,0.48854960588932306,2.0794415416798357,2751.0,0.0,27.742445811999996
277.19,4.593300013417604,3.2371085931292605,160.7,2.5006159434931803,1061.7,782.46,3,0.4022830149377171,1.3862943611198906,831.5699999999999,0.3061055899066263,30.44726016
213.5,0.0,5.166156462945698,159.21,2.5384474167160302,1043.6,771.9,56,0.41061019212332517,4.04305126783455,11956.0,0.4493732913808222,51.25564584
304.0,4.343805421853684,0.0,228.0,0.0,932.0,670.0,270,0.5999999842105268,5.602118820879701,82080.0,0.2,54.378282643999995
362.6,5.247024072160486,0.0,164.9,2.533696813957432,944.7,755.8,3,0.29894850799585737,1.3862943611198906,1087.8000000000002,0.3426395939086294,35.3011712
387.0,3.044522437723423,4.553876891600541,157.0,2.534490149976828,938.0,845.0,7,0.3133732472380589,2.0794415416798357,2709.0,0.2275449101796407,41.66503468
139.6,5.349010480863555,0.0,192.0,0.0,1047.0,806.9,3,0.5501432507122278,1.3862943611198906,418.79999999999995,0.6,8.06342182
359.0,2.995732273553991,4.955827057601261,154.0,2.477378383367209,942.0,801.0,7,0.2967244644176404,2.0794415416798357,2513.0,0.30828516377649323,38.610656
145.0,0.0,5.429345628954441,240.0,1.9459101490553132,750.0,853.0,28,0.6451612729795357,3.367295829986474,4060.0,0.6102150537634409,36.59
190.34,0.0,4.837709458942664,161.85,2.3869262414277967,1088.1,802.59,14,0.5129627119370338,2.70805020110221,2664.76,0.39674188640973634,22.718234199999998
172.38,2.681706225762608,5.155428038997797,156.76,1.6370530794670737,1006.3,856.4,3,0.43743720176813256,1.3862943611198906,517.14,0.5189753320683113,21.29101888
149.0,4.77912349311153,4.532599493153256,183.0,2.0794415416798357,953.0,780.0,28,0.5097492894220254,3.367295829986474,4172.0,0.584958217270195,23.51802636
238.0,0.0,0.0,185.0,0.0,1118.0,789.0,28,0.7773108917096264,3.367295829986474,6664.0,0.0,17.54026944
213.5,0.0,5.166156462945698,159.21,2.5384474167160302,1043.6,771.9,100,0.41061019212332517,4.61512051684126,21350.0,0.4493732913808222,52.95865156
251.37,0.0,4.7813898305905775,188.45,1.9095425048844383,1028.4,757.73,3,0.5098203519689333,1.3862943611198906,754.11,0.31995996104317714,17.22311048
239.6,5.887214525734183,0.0,185.7,0.0,941.6,664.3,7,0.31001668931524723,2.0794415416798357,1677.2,0.6,25.422359072
252.31,0.0,4.602667055769973,146.25,2.719319793360441,987.76,889.01,14,0.4165954419017991,2.70805020110221,3532.34,0.28129094741639604,42.29245784
500.0,0.0,0.0,200.0,0.0,1125.0,613.0,28,0.3999999920000002,3.367295829986474,14000.0,0.0,44.0919902
156.0,0.0,5.497168225293202,180.0,2.4849066497880004,1022.0,698.0,28,0.45112780824241083,3.367295829986474,4368.0,0.6090225563909775,33.78
142.0,4.875197323201151,5.123963979403259,215.0,1.9459101490553132,735.0,836.0,28,0.4897494193678948,3.367295829986474,3976.0,0.6765375854214123,31.37
313.0,0.0,4.736198448394496,178.0,2.1972245773362196,1002.0,689.0,28,0.4178403657783952,3.367295829986474,8764.0,0.2652582159624413,36.80422888
158.0,0.0,5.5093883366279774,174.0,2.0794415416798357,1035.0,706.0,28,0.43069305864621144,3.367295829986474,4424.0,0.6089108910891089,34.99
276.0,4.51085950651685,4.762173934797756,180.0,2.302585092994046,870.0,768.0,28,0.37344397565468934,3.367295829986474,7728.0,0.42738589211618255,44.08
158.6,5.009968405108552,4.762173934797756,175.1,2.772588722239781,953.3,719.7,28,0.4134592582418121,3.367295829986474,4440.8,0.6255017709563163,27.681082448
379.5,5.025195445427586,0.0,153.9,2.827313621929028,1134.3,605.0,56,0.28999434162437643,4.04305126783455,21252.0,0.2849067269643866,54.896079119999996
252.0,0.0,0.0,185.0,0.0,1111.0,784.0,28,0.734126954994962,3.367295829986474,7056.0,0.0,19.691434559999998
382.0,0.0,0.0,185.0,0.0,1047.0,739.0,28,0.4842931810394456,3.367295829986474,10696.0,0.0,37.42475728
339.2,0.0,0.0,185.7,0.0,1069.2,754.3,7,0.5474646065016331,2.0794415416798357,2374.4,0.0,21.179323768
320.0,4.852030263919617,5.10594547390058,211.0,1.9459101490553132,721.0,723.0,28,0.3453355098963092,3.367295829986474,8960.0,0.4762684124386252,46.36
339.0,0.0,0.0,197.0,0.0,968.0,781.0,28,0.5811209268105921,3.367295829986474,9492.0,0.0,32.039949719999996
139.7,5.105339229565553,4.857484114602081,236.7,1.916922612182061,868.6,655.6,28,0.5488059228192459,3.367295829986474,3911.5999999999995,0.6760955251565036,35.225328839999996
342.0,3.6635616461296463,0.0,228.0,0.0,932.0,670.0,365,0.5999999842105268,5.902633333401366,124830.0,0.1,56.141962252
250.2,5.122772794033106,0.0,203.5,0.0,977.6,694.1,7,0.4880095806232715,2.0794415416798357,1751.3999999999999,0.4,19.35014394
254.0,0.0,0.0,198.0,0.0,968.0,863.0,180,0.7795275283650579,5.198497031265826,45720.0,0.0,27.62730332
212.07,0.0,4.809090142334542,180.31,1.900613874140137,1057.6,779.32,3,0.5403518073555754,1.3862943611198906,636.21,0.36447001708172255,12.47262084
167.35,4.874433672915854,4.86460709299957,175.46,2.1736147116970854,1006.3,746.6,56,0.41200365341527573,4.04305126783455,9371.6,0.6070397069528259,51.72448952
362.6,5.247024072160486,0.0,164.9,2.533696813957432,944.7,755.8,7,0.29894850799585737,2.0794415416798357,2538.2000000000003,0.3426395939086294,55.89581932
173.81,4.547223226033242,5.080783053998338,172.34,2.373043556642607,1007.2,746.6,3,0.4035309449393335,1.3862943611198906,521.4300000000001,0.5930270675283319,15.81657944
249.1,0.0,4.602667055769973,158.11,2.624668592163159,987.76,889.01,56,0.45453498765171807,4.04305126783455,13949.6,0.28388673278712084,42.030456959999995
236.0,5.062595033026967,0.0,192.0,0.0,972.6,749.1,3,0.48854960588932306,1.3862943611198906,708.0,0.3994910941475827,13.565440299999999
310.0,4.969813299576001,4.718498871295094,168.0,3.1354942159291497,914.0,651.0,28,0.29787233514410755,3.367295829986474,8680.0,0.450354609929078,33.68779736
220.8,4.998562712861986,0.0,185.7,0.0,1055.0,744.3,7,0.5046195515049035,2.0794415416798357,1545.6000000000001,0.39999999999999997,13.089012384
108.3,5.096201182425903,0.0,203.5,0.0,938.2,849.0,3,0.7517546822403147,1.3862943611198906,324.9,0.5999261174732177,2.331807832
387.0,3.044522437723423,4.553876891600541,157.0,2.703372611551099,938.0,845.0,56,0.3133732472380589,4.04305126783455,21672.0,0.2275449101796407,47.96684532
165.0,5.017279836814924,0.0,182.0,2.5649493574615367,1023.0,729.0,28,0.5777777594356267,3.367295829986474,4620.0,0.47619047619047616,18.26
229.97,0.0,4.781725147887709,195.47,1.728109442151599,1029.4,758.59,28,0.5612438106912884,3.367295829986474,6439.16,0.33969794418284144,24.483292759999998
167.0,4.335982696172475,5.123963979403259,164.03,2.187174241482718,1007.3,770.1,3,0.40065949192331485,1.3862943611198906,501.0,0.5920859794821691,15.520104759999999
424.0,3.1354942159291497,4.890349128221754,168.0,2.2945529212967815,822.0,750.0,28,0.2906574344176915,3.367295829986474,11872.0,0.2664359861591695,72.09850532
500.0,0.0,0.0,200.0,0.0,1125.0,613.0,14,0.3999999920000002,2.70805020110221,7000.0,0.0,36.93522932
252.0,4.343805421853684,4.584967478670572,194.0,2.1972245773362196,835.0,821.0,28,0.45647057749480996,3.367295829986474,7056.0,0.40705882352941175,33.11
397.0,0.0,0.0,185.7,0.0,1040.6,734.3,28,0.4677581746156631,3.367295829986474,11116.0,0.0,33.082437432
149.0,5.0369526024136295,5.272999558563747,192.0,2.1972245773362196,935.0,623.0,28,0.3870967663891781,3.367295829986474,4172.0,0.6995967741935484,24.579819399999998
400.0,0.0,0.0,187.0,0.0,1025.0,745.0,28,0.46749998831250034,3.367295829986474,11200.0,0.0,43.69898888
348.7,0.09531017980432487,5.4120923808068815,208.5,2.3608540011180215,786.2,758.1,28,0.36457421988854316,3.367295829986474,9763.6,0.3902780206329778,48.77
145.0,4.762173934797756,4.787491742782046,184.0,1.9021075263969205,833.0,880.0,28,0.48421051357340755,3.367295829986474,4060.0,0.618421052631579,29.15794004
424.0,3.1354942159291497,4.890349128221754,178.0,2.2491843162669305,882.0,750.0,3,0.30795847218064926,1.3862943611198906,1272.0,0.2664359861591695,32.01138571527068
295.71,0.0,4.570992734186505,171.54,2.28949985344539,955.14,859.2,3,0.43832885043237896,1.3862943611198906,887.1299999999999,0.24438482177079343,22.94576128
198.6,4.893352133481524,0.0,192.0,0.0,978.4,825.5,7,0.5800604054362416,2.0794415416798357,1390.2,0.4,14.638264955999999
350.0,0.0,0.0,186.0,0.0,1050.0,770.0,7,0.5314285562448985,2.0794415416798357,2450.0,0.0,20.27748916
251.81,0.0,4.614526280912116,146.14,2.5915163848462583,1006.0,899.76,14,0.4154655176839938,2.70805020110221,3525.34,0.28412224591329066,33.35684888
139.9,4.894850261102546,4.647271362006727,200.3,2.128231705849268,916.0,753.4,28,0.5329962604311799,3.367295829986474,3917.2000000000003,0.6277275146354443,36.443632932
167.35,4.874433672915854,4.86460709299957,175.46,2.1736147116970854,1006.3,746.6,100,0.41200365341527573,4.61512051684126,16735.0,0.6070397069528259,53.65502232
332.5,4.966335035199676,0.0,228.0,0.0,932.0,594.0,180,0.4799999898947371,5.198497031265826,59850.0,0.3,39.779317819999996
310.0,0.0,0.0,192.0,0.0,1012.0,830.0,3,0.6193548187304898,1.3862943611198906,930.0,0.0,11.85209244
229.97,0.0,4.781725147887709,195.47,1.728109442151599,1029.4,758.59,14,0.5612438106912884,2.70805020110221,3219.58,0.33969794418284144,20.08443588
173.81,4.547223226033242,5.080783053998338,172.34,2.373043556642607,1007.2,746.6,100,0.4035309449393335,4.61512051684126,17381.0,0.5930270675283319,50.93848688
164.0,5.099866427824199,4.859812404361672,197.0,2.1972245773362196,961.0,641.0,28,0.43296702345127425,3.367295829986474,4592.0,0.6395604395604395,27.234302
339.0,0.0,0.0,185.0,0.0,1069.0,754.0,28,0.5457226977662921,3.367295829986474,9492.0,0.0,31.84000168
525.0,0.0,0.0,189.0,0.0,1125.0,613.0,90,0.3599999931428573,4.51085950651685,47250.0,0.0,58.78472376
170.3,5.0530560099802075,0.0,185.7,0.0,1026.6,724.3,7,0.5699815662989083,2.0794415416798357,1192.1000000000001,0.4772866789441375,10.730314988
349.0,0.0,0.0,192.0,0.0,1047.0,806.0,7,0.5501432507122278,2.0794415416798357,2443.0,0.0,18.12632404
148.0,5.170483995038151,0.0,171.0,1.0986122886681096,1000.0,828.0,28,0.5294117483154258,3.367295829986474,4144.0,0.541795665634675,26.91714304
522.0,0.0,0.0,146.0,0.0,896.0,896.0,7,0.27969348123192567,2.0794415416798357,3654.0,0.0,50.511011759999995
297.16,0.0,4.775250456359692,174.8,2.3532782073095637,1022.8,753.45,28,0.42150951479359744,3.367295829986474,8320.480000000001,0.2834338075717386,47.401475
149.0,4.775756486563625,4.529368472571809,182.9,2.0918640616783932,953.4,780.3,28,0.5104660756219348,3.367295829986474,4172.0,0.584147362545353,23.524231644
135.0,0.0,5.117993812416755,180.0,2.3978952727983707,961.0,805.0,28,0.5980066246509428,3.367295829986474,3780.0,0.5514950166112956,13.29309728
182.04,3.833196224882175,4.811940423184356,170.21,2.2181159363675955,1059.4,780.65,28,0.4874004785693695,3.367295829986474,5097.12,0.47872401351583527,31.2677366
374.0,0.0,0.0,190.0,2.0794415416798357,1013.0,730.0,28,0.5080213767908723,3.367295829986474,10472.0,0.0,32.44
168.88,3.76630335107874,4.830311739964974,158.33,2.4706386779902956,1080.8,796.15,56,0.47213357769096237,4.04305126783455,9457.279999999999,0.49640673922767253,39.14844728
139.6,5.349010480863555,0.0,192.0,0.0,1047.0,806.9,360,0.5501432507122278,5.8888779583328805,50256.0,0.6,44.698039603999995
194.68,0.0,4.620255823406132,170.17,2.1377104498038118,998.0,901.8,14,0.5764566200387324,2.70805020110221,2725.52,0.34051490514905147,24.28334472
277.05,0.0,4.588939172877674,160.6,2.551786178627545,973.9,875.61,3,0.42890715658297307,1.3862943611198906,831.1500000000001,0.2600950753124666,23.13881456
163.0,5.0106352940962555,5.2574953720277815,180.0,2.5649493574615367,843.0,746.0,28,0.3578528755894061,3.367295829986474,4564.0,0.6759443339960238,41.14
491.0,3.295836866004329,4.820281565605037,201.0,1.5953389880545987,822.0,699.0,3,0.3140624950927735,1.3862943611198906,1473.0,0.2328125,29.54897143054136
425.0,4.675628649636653,0.0,153.5,2.8622008809294686,852.1,887.1,56,0.28891397912828953,4.04305126783455,23800.0,0.2000752870318088,64.30053176
116.0,5.159055299214529,0.0,192.0,0.0,909.8,891.9,28,0.6643598386034658,3.367295829986474,3248.0,0.5986159169550173,22.347985588
236.0,5.062595033026967,0.0,192.0,0.0,972.6,749.1,7,0.48854960588932306,2.0794415416798357,1652.0,0.3994910941475827,20.416073836
304.0,0.0,4.948759890378168,214.0,1.9459101490553132,895.0,722.0,28,0.4819819711265322,3.367295829986474,8512.0,0.3153153153153153,38.46
289.0,0.0,0.0,192.0,0.0,913.2,895.3,7,0.6643598386034658,2.0794415416798357,2023.0,0.0,14.596896395999998
166.0,5.564520407322694,0.0,183.0,2.639057329615259,859.0,827.0,28,0.4295774547047546,3.367295829986474,4648.0,0.6103286384976526,37.91428524
212.0,0.0,4.834534349115358,159.0,2.179286876649552,1085.4,799.54,3,0.4721182827923784,1.3862943611198906,636.0,0.37050893758536735,19.519065559999998
295.71,0.0,4.570992734186505,171.54,2.28949985344539,955.14,859.2,56,0.43832885043237896,4.04305126783455,16559.76,0.24438482177079343,48.718374159999996
349.0,0.0,0.0,192.0,0.0,1056.0,809.0,3,0.5501432507122278,1.3862943611198906,1047.0,0.0,15.87173752
425.0,4.675628649636653,0.0,153.5,2.8622008809294686,852.1,887.1,91,0.28891397912828953,4.5217885770490405,38675.0,0.2000752870318088,65.19685056
213.72,4.59562477314456,3.23907053215372,181.71,2.061786606441115,1065.8,785.38,56,0.5403532609624938,4.04305126783455,11968.32,0.36445818960390153,50.77301264
132.0,5.335131339670753,5.0869788606835895,178.9,1.8718021769015913,866.9,735.6,28,0.35822986867781603,3.367295829986474,3696.0,0.7356828193832599,33.306517131999996
362.6,5.247024072160486,0.0,164.9,2.533696813957432,944.7,755.8,91,0.29894850799585737,4.5217885770490405,32996.6,0.3426395939086294,79.29663476
350.0,0.0,0.0,203.0,0.0,974.0,775.0,7,0.579999983428572,2.0794415416798357,2450.0,0.0,18.12632404
140.1,2.5494451709255714,5.425390449111513,207.8,1.7749523509116738,1020.9,683.8,28,0.5497354351921844,3.367295829986474,3922.7999999999997,0.6293650793650793,26.28
167.0,4.335982696172475,5.123963979403259,164.03,2.187174241482718,1007.3,770.1,56,0.40065949192331485,4.04305126783455,9352.0,0.5920859794821691,53.46196904
480.0,0.0,0.0,192.0,0.0,936.2,712.2,28,0.3999999916666669,3.367295829986474,13440.0,0.0,43.942373908
275.0,0.0,0.0,183.0,0.0,1088.0,808.0,28,0.6654545212561993,3.367295829986474,7700.0,0.0,24.49708228
362.6,5.247024072160486,0.0,164.9,2.533696813957432,944.7,755.8,28,0.29894850799585737,3.367295829986474,10152.800000000001,0.3426395939086294,71.29871315999999
166.8,5.526249434594043,0.0,203.5,0.0,975.6,692.6,28,0.4880095806232715,3.367295829986474,4670.400000000001,0.6,33.947729812
173.81,4.547223226033242,5.080783053998338,172.34,2.373043556642607,1007.2,746.6,56,0.4035309449393335,4.04305126783455,9733.36,0.5930270675283319,48.9872698
190.34,0.0,4.837709458942664,166.61,2.3869262414277967,1079.0,798.9,100,0.5280489183554476,4.61512051684126,19034.0,0.39674188640973634,33.56369168
321.3,5.107156861086878,0.0,190.5,1.7227665977411035,870.0,774.0,28,0.3923789826492486,3.367295829986474,8996.4,0.3382080329557157,57.21823428799999
190.0,5.25227342804663,0.0,228.0,0.0,932.0,670.0,28,0.5999999842105268,3.367295829986474,5320.0,0.5,40.856968808
183.9,4.817050545023591,0.0,203.5,0.0,959.2,800.0,28,0.6639477760539062,3.367295829986474,5149.2,0.39999999999999997,24.046164976
310.0,0.0,4.969813299576001,218.0,2.3978952727983707,787.0,804.0,28,0.48123619246719224,3.367295829986474,8680.0,0.31567328918322296,36.19
250.0,0.0,4.5715099844954565,187.42,1.8764069432883397,956.86,861.17,28,0.5421620370227072,3.367295829986474,7000.0,0.2768087014377043,29.21999288
194.68,0.0,4.620255823406132,170.17,2.1377104498038118,998.0,901.8,100,0.5764566200387324,4.61512051684126,19468.0,0.34051490514905147,44.27814872
228.0,5.838021949864404,0.0,185.7,0.0,955.8,674.3,28,0.32573232194821394,3.367295829986474,6384.0,0.6000701631292756,39.699338604
249.1,0.0,4.602667055769973,158.11,2.624668592163159,987.76,889.01,14,0.45453498765171807,2.70805020110221,3487.4,0.28388673278712084,28.6822016
252.1,4.585987366571318,4.338597076746545,193.8,2.2300144001592104,835.5,821.4,28,0.45621467852601993,3.367295829986474,7058.8,0.4065442561205273,33.399596392
167.0,5.236441962829949,5.278114659230518,185.0,2.0794415416798357,898.0,636.0,28,0.3369763144448759,3.367295829986474,4676.0,0.6958105646630237,23.8903434
251.37,0.0,4.7813898305905775,188.45,1.9947003132247452,1028.4,757.73,14,0.5098203519689333,2.70805020110221,3519.1800000000003,0.31995996104317714,24.42813468
389.9,5.247024072160486,0.0,145.9,3.1354942159291497,944.7,755.8,91,0.25202970716825523,4.5217885770490405,35480.9,0.3264812575574365,82.5992248
331.0,0.0,0.0,192.0,0.0,978.0,825.0,3,0.5800604054362416,1.3862943611198906,993.0,0.0,13.52062436
172.38,2.681706225762608,5.155428038997797,156.76,1.6370530794670737,1006.3,856.4,56,0.43743720176813256,4.04305126783455,9653.279999999999,0.5189753320683113,35.852751999999995
153.1,4.983606621708336,4.736198448394496,178.5,2.1972245773362196,867.2,824.0,28,0.4342009137873774,3.367295829986474,4286.8,0.627584529311603,26.233182848000002
298.0,4.68213122712422,4.927253685157205,201.0,1.9459101490553132,878.0,655.0,28,0.37084870164485795,3.367295829986474,8344.0,0.45018450184501846,41.27
359.0,2.995732273553991,4.955827057601261,154.0,2.477378383367209,942.0,801.0,28,0.2967244644176404,3.367295829986474,10052.0,0.30828516377649323,59.494884039999995
349.0,0.0,5.187385805840755,230.0,1.9459101490553132,785.0,721.0,28,0.43643262928970344,3.367295829986474,9772.0,0.3377609108159393,43.95
491.0,3.295836866004329,4.820281565605037,210.0,1.5953389880545987,882.0,699.0,7,0.32812499487304697,2.0794415416798357,3437.0,0.2328125,33.488834284729315
307.0,0.0,0.0,193.0,0.0,968.0,812.0,365,0.6286644746363363,5.902633333401366,112055.0,0.0,36.14922668
190.0,5.25227342804663,0.0,228.0,0.0,932.0,670.0,365,0.5999999842105268,5.902633333401366,69350.0,0.5,53.69225402399999
425.0,4.675628649636653,0.0,153.5,2.8622008809294686,852.1,887.1,91,0.28891397912828953,4.5217885770490405,38675.0,0.2000752870318088,65.19685056
194.68,0.0,4.620255823406132,165.62,2.1377104498038118,1006.4,905.9,28,0.5610433414280712,3.367295829986474,5451.04,0.34051490514905147,25.72434956
215.6,4.735320870453137,5.480638923341991,198.7,2.128231705849268,884.0,649.1,28,0.3501321524205788,3.367295829986474,6036.8,0.6200881057268722,39.13
318.8,5.363636832668679,0.0,155.7,2.72785282839839,852.1,880.4,7,0.293054765799835,2.0794415416798357,2231.6,0.39996235648409567,33.398217439999996
193.5,5.674010316322531,0.0,185.7,0.0,998.2,704.3,7,0.3839156422593417,2.0794415416798357,1354.5,0.5999586520570601,17.200357771999997
264.5,4.718498871295094,4.471638793363569,195.5,1.9315214116032138,832.6,790.4,28,0.42316016400086226,3.367295829986474,7406.0,0.4274891774891775,41.542307951999994
333.0,2.917770732084279,5.099866427824199,167.0,2.9391619220655967,996.0,652.0,28,0.3252190783793753,3.367295829986474,9324.0,0.35150925024342744,47.27736932
331.0,0.0,0.0,192.0,0.0,978.0,825.0,360,0.5800604054362416,5.8888779583328805,119160.0,0.0,41.244454319999996
140.0,5.10594547390058,4.859812404361672,237.0,1.9459101490553132,869.0,656.0,28,0.5486110984117801,3.367295829986474,3920.0,0.6759259259259259,35.225328839999996
133.0,5.303304908059076,0.0,192.0,0.0,927.4,839.2,3,0.5765765592619653,1.3862943611198906,399.0,0.6006006006006006,6.883728383999999
286.3,5.307772525318792,0.0,144.7,2.501435951739211,1004.6,803.7,28,0.29700327797612314,3.367295829986474,8016.400000000001,0.41235632183908044,67.69964844
229.97,0.0,4.781725147887709,195.47,1.728109442151599,1029.4,758.59,100,0.5612438106912884,4.61512051684126,22997.0,0.33969794418284144,35.34253976
261.9,4.7140245909001735,4.467056883858457,195.4,1.791759469228055,895.2,732.6,28,0.42617229168653675,3.367295829986474,7333.199999999999,0.4287895310796074,33.71882378
425.0,4.675628649636653,0.0,151.4,2.975529566236472,936.0,803.7,56,0.28496141003272335,4.04305126783455,23800.0,0.2000752870318088,64.90037588
393.0,0.0,0.0,192.0,0.0,940.6,785.6,90,0.48854960588932306,4.51085950651685,35370.0,0.0,48.846616696
277.0,4.768988271217486,4.5217885770490405,190.6,2.0794415416798357,946.5,665.6,28,0.3931518070719512,3.367295829986474,7756.0,0.42863036303630364,43.57833058
313.3,5.572914199451162,0.0,175.5,2.2617630984737906,1046.9,611.8,3,0.3049522101659043,1.3862943611198906,939.9000000000001,0.4556038227628149,28.79941252
446.0,3.2188758248682006,4.382026634673881,162.0,2.5368663887187113,967.0,712.0,3,0.29508196183821567,1.3862943611198906,1338.0,0.18761384335154827,23.34565736
143.0,5.138148614395216,4.967727793084979,190.7,2.2407096892759584,967.4,643.5,28,0.41902877567504343,3.367295829986474,4004.0,0.6857833443199298,29.726068263999995
213.72,4.59562477314456,3.23907053215372,181.71,2.061786606441115,1065.8,785.38,28,0.5403532609624938,3.367295829986474,5984.16,0.36445818960390153,45.70536404
286.3,5.307772525318792,0.0,144.7,2.501435951739211,1004.6,803.7,7,0.29700327797612314,2.0794415416798357,2004.1000000000001,0.41235632183908044,37.997022359999995
154.8,0.0,4.9684234452869465,193.3,2.312535423847214,1047.4,696.7,28,0.6495295480668835,3.367295829986474,4334.400000000001,0.4798387096774194,12.459520796
203.5,5.724565013838729,0.0,203.5,0.0,963.4,630.0,28,0.39996068396303686,3.367295829986474,5698.0,0.6000393081761006,41.684340008
362.6,5.247024072160486,0.0,164.9,2.533696813957432,944.7,755.8,3,0.29894850799585737,1.3862943611198906,1087.8000000000002,0.3426395939086294,35.3011712
425.0,4.675628649636653,0.0,153.5,2.8622008809294686,852.1,887.1,3,0.28891397912828953,1.3862943611198906,1275.0,0.2000752870318088,33.398217439999996
540.0,0.0,0.0,173.0,0.0,1125.0,613.0,90,0.3203703644375859,4.51085950651685,48600.0,0.0,69.65776027999999
190.34,0.0,4.837709458942664,166.61,2.3869262414277967,1079.0,798.9,14,0.5280489183554476,2.70805020110221,2664.76,0.39674188640973634,19.41564416
288.0,5.262690188904886,0.0,192.0,0.0,932.0,717.8,28,0.3999999916666669,3.367295829986474,8064.0,0.4,38.804398756000005
160.0,4.859812404361672,4.812184355372417,182.0,2.0014800002101243,824.0,879.0,28,0.44390242819750175,3.367295829986474,4480.0,0.6097560975609756,39.39665864
339.0,0.0,0.0,197.0,0.0,968.0,781.0,14,0.5811209268105921,2.70805020110221,4746.0,0.0,27.04124872
173.0,4.762173934797756,0.0,192.0,0.0,946.8,856.8,90,0.6643598386034658,4.51085950651685,15570.0,0.4013840830449827,32.102692036
134.7,0.0,5.116195789756748,180.2,2.3978952727983707,961.0,804.9,28,0.5998668242387876,3.367295829986474,3771.5999999999995,0.5515978695073236,13.293786756
336.0,4.90527477843843,0.0,222.0,1.9459101490553132,756.0,787.0,28,0.47234041548211886,3.367295829986474,9408.0,0.2851063829787234,31.9
213.74,0.0,5.169005630067697,154.79,2.412335956953165,1053.5,776.35,3,0.3984503604188025,1.3862943611198906,641.22,0.44980436573311366,17.57474324
142.0,5.123963979403259,4.875197323201151,174.0,2.4849066497880004,883.0,785.0,28,0.39635534404657535,3.367295829986474,3976.0,0.6765375854214123,44.6090972
359.0,2.995732273553991,4.955827057601261,154.0,2.477378383367209,942.0,801.0,28,0.2967244644176404,3.367295829986474,10052.0,0.30828516377649323,62.935369279999996
200.0,4.897839799950911,0.0,192.0,0.0,965.4,806.2,28,0.5765765592619653,3.367295829986474,5600.0,0.3993993993993994,30.439675923999996
425.0,4.675628649636653,0.0,151.4,2.975529566236472,936.0,803.7,7,0.28496141003272335,2.0794415416798357,2975.0,0.2000752870318088,46.80163088
266.0,4.74493212836325,0.0,228.0,0.0,932.0,670.0,180,0.5999999842105268,5.198497031265826,47880.0,0.3,48.695621452
251.81,0.0,4.614526280912116,146.14,2.5915163848462583,1006.0,899.76,100,0.4154655176839938,4.61512051684126,25181.0,0.28412224591329066,45.3675208
173.54,3.9328055446106744,5.162096646636745,164.77,2.010894999144726,1006.2,793.5,100,0.41491235860917713,4.61512051684126,17354.0,0.5630036261079774,56.061293559999996
424.0,3.1354942159291497,4.890349128221754,168.0,2.2945529212967815,822.0,750.0,7,0.2906574344176915,2.0794415416798357,2968.0,0.2664359861591695,40.28509771527068
122.6,5.219815138393079,0.0,203.5,0.0,958.2,800.1,28,0.6639477760539062,3.367295829986474,3432.7999999999997,0.6,24.290928956
387.0,3.044522437723423,4.553876891600541,157.0,2.534490149976828,938.0,845.0,56,0.3133732472380589,4.04305126783455,21672.0,0.2275449101796407,61.45989064
144.0,0.0,5.170483995038151,158.0,2.9444389791664403,943.0,844.0,28,0.4952977901160568,3.367295829986474,4032.0,0.54858934169279,15.41668336
275.0,5.198497031265826,4.795790545596741,162.0,2.4292177439274116,830.0,765.0,28,0.28173912553497177,3.367295829986474,7700.0,0.5217391304347826,76.23536132
366.0,0.0,5.236441962829949,191.0,2.0794415416798357,824.0,757.0,28,0.3453887821810347,3.367295829986474,10248.0,0.33815551537070526,52.65
520.0,0.0,0.0,170.0,1.8245492920510458,855.0,855.0,28,0.3269230706360948,3.367295829986474,14560.0,0.0,60.280886679999995
143.6,0.0,5.169915651743512,158.4,2.9391619220655967,942.7,844.5,28,0.49733122457358797,3.367295829986474,4020.7999999999997,0.5491365777080063,15.42357812
349.0,0.0,0.0,192.0,0.0,1056.0,809.0,120,0.5501432507122278,4.795790545596741,41880.0,0.0,40.85834776
500.0,0.0,0.0,200.0,0.0,1125.0,613.0,90,0.3999999920000002,4.51085950651685,45000.0,0.0,47.22221124
337.9,5.247024072160486,0.0,174.9,2.3513752571634776,944.7,755.8,7,0.33194153858528114,2.0794415416798357,2365.2999999999997,0.35870184095653823,35.101223159999996
148.1,0.0,5.2100324516804655,181.4,2.772588722239781,838.9,884.3,28,0.5493640051676559,3.367295829986474,4146.8,0.5514839491217444,15.526310044
304.0,4.948759890378168,0.0,214.0,1.9459101490553132,895.0,722.0,28,0.4819819711265322,3.367295829986474,8512.0,0.3153153153153153,33.41890172
425.0,4.675628649636653,0.0,153.5,2.8622008809294686,852.1,887.1,56,0.28891397912828953,4.04305126783455,23800.0,0.2000752870318088,64.30053176
190.34,0.0,4.837709458942664,166.61,2.3869262414277967,1079.0,798.9,3,0.5280489183554476,1.3862943611198906,571.02,0.39674188640973634,12.5484632
198.6,4.893352133481524,0.0,192.0,0.0,978.4,825.5,3,0.5800604054362416,1.3862943611198906,595.8,0.4,9.131420144
531.3,0.0,0.0,141.8,3.374168709274236,852.1,893.7,7,0.26689252273870656,2.0794415416798357,3719.0999999999995,0.0,46.89815752
325.6,5.120386158055375,0.0,174.0,2.2925347571405443,881.6,790.0,28,0.3536585293971844,3.367295829986474,9116.800000000001,0.3382113821138211,61.23581094
295.0,0.0,0.0,185.0,0.0,1069.0,769.0,28,0.6271186228095382,3.367295829986474,8260.0,0.0,25.17966352
159.0,0.0,5.517452896464707,175.0,2.5649493574615367,1041.0,683.0,28,0.4299754194109234,3.367295829986474,4452.0,0.6093366093366094,35.39
305.3,5.320567975482857,0.0,203.5,0.0,965.4,631.0,7,0.39996068396303686,2.0794415416798357,2137.1,0.3999606918238994,25.893960655999997
102.0,5.0369526024136295,0.0,192.0,0.0,887.0,942.0,3,0.7529411469434845,1.3862943611198906,306.0,0.6,4.565020596
145.9,5.444579873526289,0.0,202.5,1.4816045409242156,827.0,871.8,28,0.5379914841128725,3.367295829986474,4085.2000000000003,0.6123804463336876,32.720462532
183.9,4.817050545023591,0.0,203.5,0.0,959.2,800.0,3,0.6639477760539062,1.3862943611198906,551.7,0.39999999999999997,4.9035533120000006
190.34,0.0,4.837709458942664,161.85,2.3869262414277967,1088.1,802.59,28,0.5129627119370338,3.367295829986474,5329.52,0.39674188640973634,28.46846404
190.34,0.0,4.837709458942664,166.61,2.3869262414277967,1079.0,798.9,56,0.5280489183554476,4.04305126783455,10659.04,0.39674188640973634,31.715896
250.0,0.0,0.0,182.0,0.0,1100.0,820.0,28,0.7279999708800011,3.367295829986474,7000.0,0.0,20.87043852
155.2,5.219815138393079,4.971201224850849,193.8,2.322387720290225,879.6,698.5,28,0.4018245821724118,3.367295829986474,4345.599999999999,0.6782085838689612,28.991086848000002
160.2,5.241747015059643,4.993149979755236,203.2,2.509599262378372,828.7,709.7,28,0.4108370317258991,3.367295829986474,4485.599999999999,0.6761019005256772,35.314271244
295.3,0.0,5.484381909620826,236.2,2.2300144001592104,780.3,722.9,28,0.44133033555062895,3.367295829986474,8268.4,0.4482436472346786,44.08
339.2,0.0,0.0,185.7,0.0,1069.2,754.3,28,0.5474646065016331,3.367295829986474,9497.6,0.0,31.899986092
475.0,0.0,0.0,228.0,0.0,932.0,594.0,365,0.4799999898947371,5.902633333401366,173375.0,0.0,41.934619796
238.05,0.0,4.555034116494294,186.66,2.0794415416798357,949.91,847.01,14,0.5619580755672544,2.70805020110221,3332.7000000000003,0.2833273121387283,25.68987576
540.0,0.0,0.0,173.0,0.0,1125.0,613.0,180,0.3203703644375859,5.198497031265826,97200.0,0.0,71.62276688
281.0,0.0,0.0,186.0,0.0,1104.0,774.0,7,0.6619216846291216,2.0794415416798357,1967.0,0.0,14.49968028
425.0,4.675628649636653,0.0,153.5,2.8622008809294686,852.1,887.1,7,0.28891397912828953,2.0794415416798357,2975.0,0.2000752870318088,49.20100736
280.0,4.532599493153256,4.77912349311153,207.0,2.302585092994046,883.0,679.0,28,0.42244897097042916,3.367295829986474,7840.0,0.42857142857142855,37.39
387.0,3.044522437723423,4.553876891600541,157.0,2.729159164312445,938.0,845.0,7,0.3133732472380589,2.0794415416798357,2709.0,0.2275449101796407,36.83870268
446.0,3.2188758248682006,4.382026634673881,162.0,2.5368663887187113,967.0,712.0,56,0.29508196183821567,4.04305126783455,24976.0,0.18761384335154827,56.14403068
331.0,0.0,0.0,192.0,0.0,978.0,825.0,180,0.5800604054362416,5.198497031265826,59580.0,0.0,38.99676256
145.0,0.0,5.19295685089021,202.0,2.1972245773362196,824.0,869.0,28,0.623456770880964,3.367295829986474,4060.0,0.5524691358024691,10.53519328
446.0,3.2188758248682006,4.382026634673881,162.0,2.424802725718295,967.0,712.0,56,0.29508196183821567,4.04305126783455,24976.0,0.18761384335154827,54.765078679999995
155.4,4.812997033190408,5.484796933490655,179.9,2.0412203288596382,966.8,652.5,28,0.34763284352400303,3.367295829986474,4351.2,0.6997101449275362,35.52
246.83,0.0,4.836916626109569,143.3,2.5641798306825083,1086.8,800.89,28,0.3853082631467758,3.367295829986474,6911.240000000001,0.33631792638003816,52.5035974
173.0,4.762173934797756,0.0,192.0,0.0,946.8,856.8,7,0.6643598386034658,2.0794415416798357,1211.0,0.4013840830449827,11.392211948
229.68,0.0,4.780467127845082,195.23,1.9643112344262046,1028.1,757.63,28,0.5612637833123337,3.367295829986474,6431.04,0.3396964121435142,24.53845084
302.0,0.0,0.0,203.0,0.0,974.0,817.0,28,0.6721854082057812,3.367295829986474,8456.0,0.0,21.7529678
222.36,0.0,4.581594449459386,189.29,1.6974487897568138,967.08,870.32,28,0.593329762300418,3.367295829986474,6226.08,0.30301225590069897,24.8900836
229.68,0.0,4.780467127845082,195.23,1.9643112344262046,1028.1,757.63,3,0.5612637833123337,1.3862943611198906,689.04,0.3396964121435142,13.35515012
236.0,0.0,0.0,193.0,0.0,968.0,885.0,365,0.8177965755170943,5.902633333401366,86140.0,0.0,25.083136879999998
339.0,0.0,0.0,197.0,0.0,968.0,781.0,90,0.5811209268105921,4.51085950651685,30510.0,0.0,35.17017076
350.0,0.0,0.0,203.0,0.0,974.0,775.0,90,0.579999983428572,4.51085950651685,31500.0,0.0,31.35047372
380.0,0.0,0.0,228.0,0.0,932.0,670.0,270,0.5999999842105268,5.602118820879701,102600.0,0.0,53.300631656
272.8,5.20893955539682,0.0,185.7,0.0,1012.4,714.3,7,0.408401134629401,2.0794415416798357,1909.6000000000001,0.40004398504508465,19.765208492
162.0,5.252796851246227,5.004617221770693,178.8,2.9856819377004897,838.1,741.4,28,0.35745701004684105,3.367295829986474,4536.0,0.6761295481807277,33.762260768
122.6,5.219815138393079,0.0,203.5,0.0,958.2,800.1,3,0.6639477760539062,1.3862943611198906,367.79999999999995,0.6,3.31982694
318.8,5.363636832668679,0.0,155.7,2.72785282839839,852.1,880.4,28,0.293054765799835,3.367295829986474,8926.4,0.39996235648409567,55.495923239999996
295.0,4.672828834461906,4.919980925828125,208.0,1.9459101490553132,871.0,650.0,28,0.3873370505151387,3.367295829986474,8260.0,0.4506517690875233,39.4
251.81,0.0,4.614526280912116,146.14,2.5915163848462583,1006.0,899.76,3,0.4154655176839938,1.3862943611198906,755.4300000000001,0.28412224591329066,21.02212324
212.57,0.0,4.618974466964488,159.35,2.4309783077624445,1003.8,903.79,100,0.5091704847529881,4.61512051684126,21257.0,0.32077581799591004,47.739318239999996
225.0,0.0,0.0,181.0,0.0,1113.0,833.0,28,0.8044444086913596,3.367295829986474,6300.0,0.0,17.3403214
325.0,0.0,0.0,184.0,0.0,1063.0,783.0,28,0.5661538287337284,3.367295829986474,9100.0,0.0,30.57136584
251.37,0.0,4.7813898305905775,188.45,1.9095425048844383,1028.4,757.73,28,0.5098203519689333,3.367295829986474,7038.360000000001,0.31995996104317714,29.654362759999998
190.34,0.0,4.837709458942664,161.85,2.3869262414277967,1088.1,802.59,100,0.5129627119370338,4.61512051684126,19034.0,0.39674188640973634,40.38950408
330.5,5.139321635057579,0.0,194.9,2.2082744135228043,811.0,802.3,28,0.38972204779599984,3.367295829986474,9254.0,0.3391321735652869,56.619079643999996
376.0,0.0,0.0,214.6,0.0,1003.5,762.36,3,0.5707446656716845,1.3862943611198906,1128.0,0.0,16.27852836
153.0,4.983606621708336,4.736198448394496,178.0,2.1972245773362196,867.0,824.0,28,0.4330900137934304,3.367295829986474,4284.0,0.6277372262773723,26.22766704
304.0,4.343805421853684,0.0,228.0,0.0,932.0,670.0,180,0.5999999842105268,5.198497031265826,54720.0,0.2,50.94882902
387.0,3.044522437723423,4.553876891600541,157.0,2.703372611551099,938.0,845.0,28,0.3133732472380589,3.367295829986474,10836.0,0.2275449101796407,46.68441996
322.0,0.0,4.762173934797756,196.0,2.3978952727983707,818.0,813.0,28,0.4474885742582518,3.367295829986474,9016.0,0.2648401826484018,31.17810472
212.0,4.957937505095806,0.0,203.5,0.0,973.4,750.0,7,0.575997719332077,2.0794415416798357,1484.0,0.39994339088593267,15.030576799999999
146.0,4.672828834461906,4.927253685157205,209.0,1.9459101490553132,875.0,765.0,28,0.5372750504556543,3.367295829986474,4088.0,0.6246786632390745,27.89
374.3,0.0,0.0,190.2,2.0412203288596382,1013.2,730.4,28,0.508148530372735,3.367295829986474,10480.4,0.0,39.056057496
254.0,0.0,0.0,198.0,0.0,968.0,863.0,90,0.7795275283650579,4.51085950651685,22860.0,0.0,26.94472208
154.8,5.2171073111224935,0.0,193.3,2.312535423847214,1047.4,696.7,28,0.5715552758262781,3.367295829986474,4334.400000000001,0.5422826729745712,18.287661424
145.0,5.181783550292085,5.429345628954441,209.0,2.4849066497880004,752.0,715.0,28,0.38069216064313005,3.367295829986474,4060.0,0.7358834244080146,35.66
251.37,0.0,4.7813898305905775,192.94,1.9095425048844383,1043.6,754.3,100,0.521967305433197,4.61512051684126,25137.0,0.31995996104317714,40.14818748
531.3,0.0,0.0,141.8,3.374168709274236,852.1,893.7,3,0.26689252273870656,1.3862943611198906,1593.8999999999999,0.0,41.2996124
446.0,3.2188758248682006,4.382026634673881,162.0,2.534490149976828,967.0,712.0,28,0.29508196183821567,3.367295829986474,12488.0,0.18761384335154827,57.02655996
237.0,4.532599493153256,4.276666119016055,247.0,1.9459101490553132,853.0,695.0,28,0.6174999845625004,3.367295829986474,6636.0,0.4075,28.62704352
218.23,4.018902367055242,4.82655218668264,140.75,2.558002204858551,1075.7,792.67,28,0.35484683335820416,3.367295829986474,6110.44,0.4498172192108913,55.50971276
167.35,4.874433672915854,4.86460709299957,175.46,2.1736147116970854,1006.3,746.6,28,0.41200365341527573,3.367295829986474,4685.8,0.6070397069528259,41.20308576
313.3,5.572914199451162,0.0,175.5,2.2617630984737906,1046.9,611.8,56,0.3049522101659043,4.04305126783455,17544.8,0.4556038227628149,64.90037588
362.6,5.247024072160486,0.0,164.9,2.533696813957432,944.7,755.8,56,0.29894850799585737,4.04305126783455,20305.600000000002,0.3426395939086294,77.29715436
212.0,4.957937505095806,0.0,203.5,0.0,973.4,750.0,90,0.575997719332077,4.51085950651685,19080.0,0.39994339088593267,39.700028079999996
218.85,0.0,4.829353196876964,158.49,2.512035317176253,1078.7,794.91,14,0.46209690179902907,2.70805020110221,3063.9,0.3619161467140941,26.04840328
382.0,0.0,0.0,185.0,0.0,1047.0,739.0,7,0.4842931810394456,2.0794415416798357,2674.0,0.0,24.00065956
153.0,4.634728988229636,0.0,192.0,0.0,888.0,943.1,7,0.7529411469434845,2.0794415416798357,1071.0,0.4,8.374375495999999
166.09,0.0,5.101511415553109,176.46,1.7029282555214393,1058.6,780.09,14,0.5357663184428493,2.70805020110221,2325.26,0.4957189701238766,25.48303296
296.0,0.0,0.0,186.0,0.0,1090.0,769.0,7,0.6283783571493798,2.0794415416798357,2072.0,0.0,18.91232668
393.0,0.0,0.0,192.0,0.0,940.0,758.0,90,0.48854960588932306,4.51085950651685,35370.0,0.0,48.79421652
149.0,4.941642422609304,4.700480365792417,193.0,1.9459101490553132,892.0,780.0,28,0.48614608347239086,3.367295829986474,4172.0,0.6246851385390428,23.69039536
500.0,0.0,0.0,140.0,1.6094379124341003,966.0,853.0,28,0.2799999944000001,3.367295829986474,14000.0,0.0,67.568648
182.04,3.833196224882175,4.811940423184356,170.21,2.2181159363675955,1059.4,780.65,56,0.4874004785693695,4.04305126783455,10194.24,0.47872401351583527,43.49904084
236.0,0.0,0.0,194.0,0.0,968.0,885.0,28,0.8220338634731413,3.367295829986474,6608.0,0.0,18.415903959999998
252.0,0.0,0.0,185.0,0.0,1111.0,784.0,28,0.734126954994962,3.367295829986474,7056.0,0.0,19.691434559999998
255.3,4.603168183317418,4.356708826689592,188.6,2.0149030205422647,919.0,749.3,28,0.43748549205554416,3.367295829986474,7148.400000000001,0.4077940153096729,33.798802996
