Cement,Blast_Furnace_Slag,Fly_Ash,Water,Superplasticizer,Coarse_Aggregate,Fine_Aggregate,Age,Concrete_Strength,Water_Binder_Ratio,Log_Age,Cement_x_Age,SCM_Ratio
165.0,4.863680881139593,4.891100725401066,175.06,2.206074192613202,1005.8,746.6,56,53.72396992,0.41132517830532944,4.04305126783455,9240.0,0.612312030075188
140.2,3.449987545831587,5.480638923341991,169.4,1.840549633397487,1028.4,742.7,28,36.32,0.41347326303457993,3.367295829986474,3925.5999999999995,0.6577983890651696
366.0,5.236441962829949,0.0,191.0,2.0794415416798357,824.0,757.0,28,65.90701084,0.3453887821810347,3.367295829986474,10248.0,0.33815551537070526
213.5,0.0,5.166156462945698,159.21,2.5384474167160302,1043.6,771.9,3,15.60973664,0.41061019212332517,1.3862943611198906,640.5,0.4493732913808222
362.6,5.247024072160486,0.0,164.9,2.533696813957432,944.7,755.8,91,79.29663476,0.29894850799585737,4.5217885770490405,32996.6,0.3426395939086294
173.54,3.9328055446106744,5.162096646636745,164.77,2.010894999144726,1006.2,793.5,28,38.20386516,0.41491235860917713,3.367295829986474,4859.12,0.5630036261079774
333.0,0.0,0.0,192.0,0.0,931.2,842.6,3,15.615941924,0.5765765592619653,1.3862943611198906,999.0,0.0
228.0,5.838021949864404,0.0,185.7,0.0,955.8,674.3,28,39.699338604,0.32573232194821394,3.367295829986474,6384.0,0.6000701631292756
313.3,0.0,4.736198448394496,178.5,2.1972245773362196,1001.9,688.7,28,36.804918356,0.4187192020004879,3.367295829986474,8772.4,0.2650715458597232
289.0,4.903050083416319,0.0,194.9,1.8718021769015913,924.1,760.1,28,46.247292176,0.46108349985608,3.367295829986474,8092.0,0.31629997634255974
164.0,0.0,5.303304908059076,181.0,2.639057329615259,849.0,846.0,28,15.08573488,0.49725273359195793,3.367295829986474,4592.0,0.5494505494505495
318.8,5.363636832668679,0.0,155.7,2.72785282839839,852.1,880.4,7,33.398217439999996,0.293054765799835,2.0794415416798357,2231.6,0.39996235648409567
425.0,4.675628649636653,0.0,151.4,2.975529566236472,936.0,803.7,7,46.80163088,0.28496141003272335,2.0794415416798357,2975.0,0.2000752870318088
446.0,3.2188758248682006,4.382026634673881,162.0,2.424802725718295,967.0,712.0,56,54.765078679999995,0.29508196183821567,4.04305126783455,24976.0,0.18761384335154827
375.0,0.0,0.0,186.0,0.0,1038.0,758.0,7,26.0621928,0.49599998677333373,2.0794415416798357,2625.0,0.0
276.0,4.51085950651685,4.762173934797756,180.0,2.302585092994046,870.0,768.0,28,44.08,0.37344397565468934,3.367295829986474,7728.0,0.42738589211618255
202.0,2.4849066497880004,4.955827057601261,206.0,1.000631880307906,942.0,801.0,7,15.069975430541358,0.5819208875163592,2.0794415416798357,1414.0,0.4293785310734463
102.0,5.0369526024136295,0.0,192.0,0.0,887.0,942.0,3,4.565020596,0.7529411469434845,1.3862943611198906,306.0,0.6
160.2,5.241747015059643,4.993149979755236,203.2,2.509599262378372,828.7,709.7,28,35.314271244,0.4108370317258991,3.367295829986474,4485.599999999999,0.6761019005256772
290.35,0.0,4.576564928977757,168.08,2.3427668826268775,961.18,865.0,100,48.97348028,0.4348433385547477,4.61512051684126,29035.000000000004,0.2488293276071715
135.0,0.0,5.117993812416755,180.0,2.3978952727983707,961.0,805.0,28,13.29309728,0.5980066246509428,3.367295829986474,3780.0,0.5514950166112956
213.74,0.0,5.169005630067697,154.79,2.412335956953165,1053.5,776.35,56,46.6430514,0.3984503604188025,4.04305126783455,11969.44,0.44980436573311366
380.0,4.564348191467836,0.0,228.0,0.0,932.0,594.0,180,40.759063216,0.4799999898947371,5.198497031265826,68400.0,0.2
198.6,4.893352133481524,0.0,192.0,0.0,978.4,825.5,28,28.021683592,0.5800604054362416,3.367295829986474,5560.8,0.4
362.6,5.247024072160486,0.0,164.9,2.533696813957432,944.7,755.8,3,35.3011712,0.29894850799585737,1.3862943611198906,1087.8000000000002,0.3426395939086294
200.0,4.897839799950911,0.0,192.0,0.0,965.4,806.2,7,17.165883972,0.5765765592619653,2.0794415416798357,1400.0,0.3993993993993994
331.0,5.14166355650266,0.0,195.0,2.1972245773362196,811.0,802.0,28,56.61287436,0.38922154911733436,3.367295829986474,9268.0,0.3393213572854291
310.0,0.0,0.0,192.0,0.0,1012.0,830.0,90,35.763120119999996,0.6193548187304898,4.51085950651685,27900.0,0.0
350.0,0.0,0.0,203.0,0.0,974.0,775.0,14,22.53207568,0.579999983428572,2.70805020110221,4900.0,0.0
162.0,5.25227342804663,5.003946305945459,179.0,2.995732273553991,838.0,741.0,28,33.75674496,0.35799999284000017,3.367295829986474,4536.0,0.676
350.0,0.0,0.0,203.0,0.0,974.0,775.0,90,31.35047372,0.579999983428572,4.51085950651685,31500.0,0.0
149.0,5.0369526024136295,5.272999558563747,192.0,2.1972245773362196,935.0,623.0,28,24.579819399999998,0.3870967663891781,3.367295829986474,4172.0,0.6995967741935484
425.0,4.675628649636653,0.0,153.5,2.8622008809294686,852.1,887.1,56,64.30053176,0.28891397912828953,4.04305126783455,23800.0,0.2000752870318088
388.6,4.585987366571318,0.0,157.9,2.5726122302071057,852.1,925.7,7,34.90127512,0.32509779030064256,2.0794415416798357,2720.2000000000003,0.19991764463660694
137.0,5.123963979403259,5.3706380281276624,226.0,1.9459101490553132,708.0,757.0,28,34.45,0.4362934278707833,3.367295829986474,3836.0,0.7355212355212355
400.0,0.0,0.0,187.0,0.0,1025.0,745.0,28,43.69898888,0.46749998831250034,3.367295829986474,11200.0,0.0
475.0,4.785823685681349,0.0,181.1,2.2925347571405443,852.1,781.5,56,72.29845336,0.30498483824545575,4.04305126783455,26600.0,0.20006736274840015
144.8,0.0,4.902307417210627,180.8,2.4932054526026954,979.5,811.5,28,13.202086448,0.6494252640292651,3.367295829986474,4054.4000000000005,0.47988505747126436
172.38,2.681706225762608,5.155428038997797,156.76,1.6370530794670737,1006.3,856.4,100,37.6798634,0.43743720176813256,4.61512051684126,17238.0,0.5189753320683113
153.0,4.983606621708336,4.736198448394496,178.0,2.1972245773362196,867.0,824.0,28,26.22766704,0.4330900137934304,3.367295829986474,4284.0,0.6277372262773723
284.0,2.772588722239781,4.955827057601261,179.0,1.8656293177945105,842.0,801.0,56,44.520450284729314,0.4068181725723143,4.04305126783455,15904.0,0.35454545454545455
446.0,3.2188758248682006,4.382026634673881,162.0,2.5368663887187113,967.0,712.0,7,39.300132,0.29508196183821567,2.0794415416798357,3122.0,0.18761384335154827
236.0,0.0,0.0,194.0,0.0,968.0,885.0,3,6.467284879999999,0.8220338634731413,1.3862943611198906,708.0,0.0
339.0,0.0,0.0,185.0,0.0,1069.0,754.0,28,31.84000168,0.5457226977662921,3.367295829986474,9492.0,0.0
141.3,5.3612921657094255,0.0,203.5,0.0,971.8,748.5,90,39.6621069,0.575997719332077,4.51085950651685,12717.000000000002,0.6000566091140673
178.03,4.873669439023098,4.784152841516532,179.94,1.5195132049061133,1007.3,746.8,100,49.99390476,0.42196842572125726,4.61512051684126,17803.0,0.5825106113547358
250.0,0.0,4.5715099844954565,187.42,1.8764069432883397,956.86,861.17,14,24.91766264,0.5421620370227072,2.70805020110221,3500.0,0.2768087014377043
158.0,0.0,5.278114659230518,220.0,2.4849066497880004,898.0,713.0,28,8.53571288,0.6232294441011489,3.367295829986474,4424.0,0.5524079320113314
303.6,4.948050418904635,0.0,213.5,1.9740810260220096,895.5,722.5,28,33.419591196,0.48139795983319145,3.367295829986474,8500.800000000001,0.315445321307779
140.5,4.128745988939433,5.480222169845649,182.5,1.9021075263969205,1017.7,681.4,28,30.97,0.41430192022016077,3.367295829986474,3934.0,0.681044267877412
359.0,2.995732273553991,4.955827057601261,154.0,2.477378383367209,942.0,801.0,7,35.75425543054136,0.2967244644176404,2.0794415416798357,2513.0,0.30828516377649323
165.0,4.863680881139593,4.891100725401066,175.06,2.206074192613202,1005.8,746.6,3,19.41564416,0.41132517830532944,1.3862943611198906,495.0,0.612312030075188
194.68,0.0,4.620255823406132,165.62,2.1377104498038118,1006.4,905.9,14,24.986610239999997,0.5610433414280712,2.70805020110221,2725.52,0.34051490514905147
387.0,3.044522437723423,4.553876891600541,157.0,2.729159164312445,938.0,845.0,28,50.23522136,0.3133732472380589,3.367295829986474,10836.0,0.2275449101796407
275.07,0.0,4.806885789888681,159.48,2.388762789235098,1053.6,777.5,3,23.80071152,0.402300580134691,1.3862943611198906,825.21,0.3061147268049039
277.0,0.0,0.0,191.0,0.0,968.0,856.0,180,32.32952964,0.689530661027774,5.198497031265826,49860.0,0.0
337.9,5.247024072160486,0.0,174.9,2.3513752571634776,944.7,755.8,56,59.89478012,0.33194153858528114,4.04305126783455,18922.399999999998,0.35870184095653823
337.9,5.247024072160486,0.0,174.9,2.3513752571634776,944.7,755.8,91,67.79617508,0.33194153858528114,4.5217885770490405,30748.899999999998,0.35870184095653823
254.0,0.0,0.0,198.0,0.0,968.0,863.0,365,29.7853632,0.7795275283650579,5.902633333401366,92710.0,0.0
190.34,0.0,4.837709458942664,166.61,2.3869262414277967,1079.0,798.9,100,33.56369168,0.5280489183554476,4.61512051684126,19034.0,0.39674188640973634
475.0,4.785823685681349,0.0,181.1,2.2925347571405443,852.1,781.5,3,37.79707432,0.30498483824545575,1.3862943611198906,1425.0,0.20006736274840015
393.0,0.0,0.0,192.0,0.0,940.6,785.6,90,48.846616696,0.48854960588932306,4.51085950651685,35370.0,0.0
300.0,0.0,0.0,184.0,0.0,1075.0,795.0,28,26.848195439999998,0.6133333128888896,3.367295829986474,8400.0,0.0
425.0,4.675628649636653,0.0,153.5,2.8622008809294686,852.1,887.1,28,60.2946762,0.28891397912828953,3.367295829986474,11900.0,0.2000752870318088
151.8,5.187944309066666,4.939497266262916,167.5,2.9601050959108397,944.0,694.6,28,36.349864196,0.35744770897465417,3.367295829986474,4250.400000000001,0.676056338028169
181.38,0.0,5.124023501441311,169.59,2.1471001901536506,1055.6,777.8,100,45.3675208,0.48678204062165853,4.61512051684126,18138.0,0.47937656075088264
475.0,0.0,0.0,162.0,2.3513752571634776,1044.0,662.0,28,58.522722879999996,0.3410526243988921,3.367295829986474,13300.0,0.0
323.7,5.648269764725942,0.0,183.8,2.424802725718295,942.7,659.9,3,28.296095039999997,0.3030502835441009,1.3862943611198906,971.0999999999999,0.4662819455894477
500.0,0.0,0.0,200.0,0.0,1125.0,613.0,180,51.04190828,0.3999999920000002,5.198497031265826,90000.0,0.0
397.0,0.0,0.0,185.7,0.0,1040.6,734.3,28,33.082437432,0.4677581746156631,3.367295829986474,11116.0,0.0
122.6,5.219815138393079,0.0,203.5,0.0,958.2,800.1,7,10.354550567999999,0.6639477760539062,2.0794415416798357,858.1999999999999,0.6
339.2,0.0,0.0,185.7,0.0,1069.2,754.3,7,21.179323768,0.5474646065016331,2.0794415416798357,2374.4,0.0
190.0,5.25227342804663,0.0,228.0,0.0,932.0,670.0,180,46.931941843999994,0.5999999842105268,5.198497031265826,34200.0,0.5
198.6,4.893352133481524,0.0,192.0,0.0,978.4,825.5,180,41.719503284,0.5800604054362416,5.198497031265826,35748.0,0.4
233.81,0.0,4.559963593150012,197.89,1.7168563092013707,947.04,852.16,100,34.55653712,0.6026066383688103,4.61512051684126,23381.0,0.28801120618776455
167.0,4.335982696172475,5.123963979403259,164.03,2.187174241482718,1007.3,770.1,28,41.40992856,0.40065949192331485,3.367295829986474,4676.0,0.5920859794821691
469.0,4.772378104971998,0.0,137.8,3.502549875922443,852.1,840.5,28,66.89985628,0.23507334979404043,3.367295829986474,13132.0,0.19993176390310474
297.1,3.735285826928092,5.484381909620826,194.0,2.1400661634962708,908.9,651.8,28,49.17,0.335698211875788,3.367295829986474,8318.800000000001,0.4858972140508739
143.7,5.1428324637076415,4.894850261102546,191.6,2.2512917986064953,814.1,805.3,28,29.870858223999996,0.429115331934707,3.367295829986474,4023.5999999999995,0.6781634938409853
379.5,5.025195445427586,0.0,153.9,2.827313621929028,1134.3,605.0,7,47.09810556,0.28999434162437643,2.0794415416798357,2656.5,0.2849067269643866
520.0,0.0,0.0,170.0,1.8245492920510458,855.0,855.0,28,60.280886679999995,0.3269230706360948,3.367295829986474,14560.0,0.0
158.8,5.477300022076476,0.0,185.7,0.0,1040.6,734.3,28,21.066249704,0.4677581746156631,3.367295829986474,4446.400000000001,0.6
132.0,5.335131339670753,5.0869788606835895,178.9,1.8718021769015913,866.9,735.6,28,33.306517131999996,0.35822986867781603,3.367295829986474,3696.0,0.7356828193832599
214.9,4.00369019395397,4.811289646296506,155.63,2.361796952625892,1014.3,780.58,14,38.60376124,0.39844849078449296,2.70805020110221,3008.6,0.4498067026805602
238.05,0.0,4.555034116494294,186.66,2.0794415416798357,949.91,847.01,56,39.58971192,0.5619580755672544,4.04305126783455,13330.800000000001,0.2833273121387283
362.6,5.247024072160486,0.0,164.9,2.533696813957432,944.7,755.8,56,77.29715436,0.29894850799585737,4.04305126783455,20305.600000000002,0.3426395939086294
213.5,0.0,5.166156462945698,159.21,2.5384474167160302,1043.6,771.9,28,44.63667624,0.41061019212332517,3.367295829986474,5978.0,0.4493732913808222
320.0,0.0,5.099866427824199,188.0,2.302585092994046,866.0,776.0,28,45.69,0.38923394639267195,3.367295829986474,8960.0,0.33747412008281574
322.0,0.0,0.0,203.0,0.0,974.0,800.0,28,25.17966352,0.6304347630299764,3.367295829986474,9016.0,0.0
296.0,0.0,0.0,186.0,0.0,1090.0,769.0,28,25.17966352,0.6283783571493798,3.367295829986474,8288.0,0.0
159.0,0.0,5.517452896464707,175.0,2.5649493574615367,1041.0,683.0,28,35.39,0.4299754194109234,3.367295829986474,4452.0,0.6093366093366094
194.68,0.0,4.620255823406132,170.17,2.1377104498038118,998.0,901.8,3,12.17614616,0.5764566200387324,1.3862943611198906,584.04,0.34051490514905147
277.0,4.768988271217486,4.5217885770490405,190.6,2.0794415416798357,946.5,665.6,28,43.57833058,0.3931518070719512,3.367295829986474,7756.0,0.42863036303630364
229.97,0.0,4.781725147887709,195.47,1.728109442151599,1029.4,758.59,3,10.0318758,0.5612438106912884,1.3862943611198906,689.91,0.33969794418284144
213.76,4.595725727160092,3.239462458476589,181.74,2.0347056478384444,1066.0,785.52,28,40.2309246,0.5403460623076036,3.367295829986474,5985.28,0.36445263721234467
446.0,3.2188758248682006,4.382026634673881,162.0,2.5368663887187113,967.0,712.0,56,55.25460664,0.29508196183821567,4.04305126783455,24976.0,0.18761384335154827
145.4,0.0,5.192401140956488,201.7,2.174751721484161,824.0,868.7,28,10.535882756,0.621954960778447,3.367295829986474,4071.2000000000003,0.551649707061363
229.97,0.0,4.781725147887709,195.47,1.728109442151599,1029.4,758.59,28,24.483292759999998,0.5612438106912884,3.367295829986474,6439.16,0.33969794418284144
214.9,4.00369019395397,4.811289646296506,155.63,2.361796952625892,1014.3,780.58,28,52.20022796,0.39844849078449296,3.367295829986474,6017.2,0.4498067026805602
439.0,5.181783550292085,0.0,186.0,2.4932054526026954,884.9,707.9,28,65.99664272,0.30194804704629796,3.367295829986474,12292.0,0.28733766233766234
275.0,0.0,0.0,183.0,0.0,1088.0,808.0,7,14.2032056,0.6654545212561993,2.0794415416798357,1925.0,0.0
170.3,5.0530560099802075,0.0,185.7,0.0,1026.6,724.3,7,10.730314988,0.5699815662989083,2.0794415416798357,1192.1000000000001,0.4772866789441375
183.9,4.817050545023591,0.0,203.5,0.0,959.2,800.0,28,24.046164976,0.6639477760539062,3.367295829986474,5149.2,0.39999999999999997
150.0,5.472270673671475,0.0,174.0,2.5649493574615367,1069.0,675.0,28,37.431652039999996,0.44961239148288396,3.367295829986474,4200.0,0.6124031007751938
362.6,5.247024072160486,0.0,164.9,2.533696813957432,944.7,755.8,91,79.29663476,0.29894850799585737,4.5217885770490405,32996.6,0.3426395939086294
298.0,0.0,4.68213122712422,186.0,1.9459101490553132,879.0,815.0,28,42.63719584,0.45925924791952477,3.367295829986474,8344.0,0.2641975308641975
166.09,0.0,5.101511415553109,176.46,1.7029282555214393,1058.6,780.09,3,10.76272036,0.5357663184428493,1.3862943611198906,498.27,0.4957189701238766
156.0,5.497168225293202,0.0,180.0,2.4849066497880004,1022.0,698.0,28,37.36270444,0.45112780824241083,3.367295829986474,4368.0,0.6090225563909775
166.8,5.526249434594043,0.0,203.5,0.0,975.6,692.6,7,15.748321315999998,0.4880095806232715,2.0794415416798357,1167.6000000000001,0.6
200.0,4.897839799950911,0.0,192.0,0.0,965.4,806.2,3,11.414275179999999,0.5765765592619653,1.3862943611198906,600.0,0.3993993993993994
287.3,4.799914262780603,4.552823705615882,187.6,2.322387720290225,904.4,695.9,28,43.798273423999994,0.3739286351618769,3.367295829986474,8044.400000000001,0.4273470201315527
313.3,4.983606621708336,0.0,178.5,2.1972245773362196,1001.9,688.7,28,41.053469468,0.38948286298313634,3.367295829986474,8772.4,0.31638664630154917
237.5,5.474369310328396,0.0,228.0,0.0,932.0,594.0,180,36.251958603999995,0.4799999898947371,5.198497031265826,42750.0,0.5
424.0,3.1354942159291497,4.890349128221754,168.0,2.2945529212967815,822.0,750.0,3,32.109882284729316,0.2906574344176915,1.3862943611198906,1272.0,0.2664359861591695
220.8,4.998562712861986,0.0,185.7,0.0,1055.0,744.3,7,13.089012384,0.5046195515049035,2.0794415416798357,1545.6000000000001,0.39999999999999997
310.0,0.0,0.0,192.0,0.0,971.0,850.6,3,9.86640156,0.6193548187304898,1.3862943611198906,930.0,0.0
255.0,0.0,0.0,192.0,0.0,889.8,945.0,3,8.204074924,0.7529411469434845,1.3862943611198906,765.0,0.0
266.0,4.74493212836325,0.0,228.0,0.0,932.0,670.0,180,48.695621452,0.5999999842105268,5.198497031265826,47880.0,0.3
318.0,0.0,4.844187086458591,210.0,1.9459101490553132,861.0,737.0,28,40.0585556,0.4729729623204288,3.367295829986474,8904.0,0.28378378378378377
313.3,5.572914199451162,0.0,175.5,2.2617630984737906,1046.9,611.8,7,42.79577532,0.3049522101659043,2.0794415416798357,2193.1,0.4556038227628149
296.0,0.0,4.679349584162343,221.4,2.4423470353692043,819.2,778.4,28,31.420110796000003,0.5497889111053164,3.367295829986474,8288.0,0.2649615098087907
193.5,5.674010316322531,0.0,185.7,0.0,998.2,704.3,28,32.626693796000005,0.3839156422593417,3.367295829986474,5418.0,0.5999586520570601
305.3,5.320567975482857,0.0,203.5,0.0,965.4,631.0,28,43.377003588,0.39996068396303686,3.367295829986474,8548.4,0.3999606918238994
173.0,4.762173934797756,0.0,192.0,0.0,946.8,856.8,7,11.392211948,0.6643598386034658,2.0794415416798357,1211.0,0.4013840830449827
152.7,4.981549713201159,0.0,178.1,2.1972245773362196,999.7,822.2,28,19.009542795999998,0.598856738437904,3.367295829986474,4275.599999999999,0.48655010087424344
212.0,4.957937505095806,0.0,203.5,0.0,973.4,750.0,28,33.003837168,0.575997719332077,3.367295829986474,5936.0,0.39994339088593267
144.0,2.772588722239781,5.278114659230518,176.0,1.9459101490553132,1021.0,709.0,28,15.340841,0.49717512719844276,3.367295829986474,4032.0,0.5932203389830508
251.37,0.0,4.7813898305905775,188.45,1.9947003132247452,1028.4,757.73,56,36.63875464,0.5098203519689333,4.04305126783455,14076.720000000001,0.31995996104317714
213.5,0.0,5.166156462945698,154.61,2.5384474167160302,1052.3,775.48,100,59.30183076,0.39874657247777967,4.61512051684126,21350.0,0.4493732913808222
333.0,0.0,0.0,192.0,0.0,931.2,842.6,90,41.680203152,0.5765765592619653,4.51085950651685,29970.0,0.0
297.8,4.92870191133357,4.681204872264089,201.3,1.9459101490553132,878.4,655.3,28,53.524711356,0.3714707442061129,3.367295829986474,8338.4,0.45045211293596604
348.7,0.09531017980432487,5.4120923808068815,208.5,2.3608540011180215,786.2,758.1,28,48.77,0.36457421988854316,3.367295829986474,9763.6,0.3902780206329778
540.0,0.0,0.0,173.0,0.0,1125.0,613.0,28,67.30664712,0.3203703644375859,3.367295829986474,15120.0,0.0
318.8,5.363636832668679,0.0,155.7,2.72785282839839,852.1,880.4,56,66.10006412,0.293054765799835,4.04305126783455,17852.8,0.39996235648409567
251.81,0.0,4.614526280912116,146.14,2.5915163848462583,1006.0,899.76,3,21.02212324,0.4154655176839938,1.3862943611198906,755.4300000000001,0.28412224591329066
162.0,5.003946305945459,5.2574953720277815,179.0,2.833213344056216,840.0,743.0,28,41.81,0.357285422010271,3.367295829986474,4536.0,0.6766467065868264
446.0,3.2188758248682006,4.382026634673881,162.0,2.5368663887187113,967.0,712.0,56,56.14403068,0.29508196183821567,4.04305126783455,24976.0,0.18761384335154827
531.3,0.0,0.0,141.8,3.374168709274236,852.1,893.7,56,58.798513279999995,0.26689252273870656,4.04305126783455,29752.799999999996,0.0
213.74,0.0,5.169005630067697,154.79,2.412335956953165,1053.5,776.35,100,50.07664188,0.3984503604188025,4.61512051684126,21374.0,0.44980436573311366
251.37,0.0,4.7813898305905775,188.45,1.9095425048844383,1028.4,757.73,28,29.654362759999998,0.5098203519689333,3.367295829986474,7038.360000000001,0.31995996104317714
284.0,2.772588722239781,4.955827057601261,179.0,1.8656293177945105,842.0,801.0,3,13.395533715270679,0.4068181725723143,1.3862943611198906,852.0,0.35454545454545455
255.5,5.143416405330075,0.0,185.7,0.0,1026.6,724.3,28,32.051670812,0.4361202340037521,3.367295829986474,7154.0,0.3999530295913575
326.0,5.117993812416755,0.0,174.0,2.302585092994046,882.0,790.0,28,61.232363559999996,0.3536585293971844,3.367295829986474,9128.0,0.33739837398373984
213.5,0.0,5.166156462945698,154.61,2.5384474167160302,1052.3,775.48,14,33.70158688,0.39874657247777967,2.70805020110221,2989.0,0.4493732913808222
300.0,0.0,4.795790545596741,212.0,2.3978952727983707,878.0,728.0,28,23.83518532,0.5047618927437645,3.367295829986474,8400.0,0.2857142857142857
312.9,5.084505142662711,0.0,177.6,2.3608540011180215,916.6,759.5,28,52.446370892,0.3751584204656016,3.367295829986474,8761.199999999999,0.3390367553865653
525.0,0.0,0.0,189.0,0.0,1125.0,613.0,28,55.94408264,0.3599999931428573,3.367295829986474,14700.0,0.0
516.0,0.0,0.0,162.0,2.2192034840549946,801.0,802.0,28,41.36856,0.31395348228772324,3.367295829986474,14448.0,0.0
313.0,5.087596335232384,0.0,178.0,2.3978952727983707,917.0,759.0,28,52.44154456,0.3755274182378182,3.367295829986474,8764.0,0.339662447257384
424.0,3.1354942159291497,4.890349128221754,168.0,2.2945529212967815,822.0,750.0,7,40.28509771527068,0.2906574344176915,2.0794415416798357,2968.0,0.2664359861591695
500.0,0.0,0.0,200.0,0.0,1125.0,613.0,14,36.93522932,0.3999999920000002,2.70805020110221,7000.0,0.0
166.09,0.0,5.101511415553109,176.46,1.7029282555214393,1058.6,780.09,56,28.62704352,0.5357663184428493,4.04305126783455,9301.04,0.4957189701238766
159.0,4.762173934797756,5.0106352940962555,175.0,2.772588722239781,953.0,720.0,28,34.05,0.412735839322268,3.367295829986474,4452.0,0.625
273.0,0.0,4.51085950651685,199.0,2.4849066497880004,931.0,762.0,28,32.23989776,0.5482093512889986,3.367295829986474,7644.0,0.24793388429752067
277.05,0.0,4.588939172877674,160.6,2.551786178627545,973.9,875.61,28,48.28400428,0.42890715658297307,3.367295829986474,7757.400000000001,0.2600950753124666
349.0,0.0,0.0,192.0,0.0,1047.0,806.0,28,32.72253096,0.5501432507122278,3.367295829986474,9772.0,0.0
387.0,3.044522437723423,4.553876891600541,157.0,2.729159164312445,938.0,845.0,7,36.83870268,0.3133732472380589,2.0794415416798357,2709.0,0.2275449101796407
261.9,4.7140245909001735,4.467056883858457,195.4,1.791759469228055,895.2,732.6,28,33.71882378,0.42617229168653675,3.367295829986474,7333.199999999999,0.4287895310796074
139.6,5.349010480863555,0.0,192.0,0.0,1047.0,806.9,7,14.589312159999999,0.5501432507122278,2.0794415416798357,977.1999999999999,0.6
295.0,0.0,0.0,185.0,0.0,1069.0,769.0,28,25.17966352,0.6271186228095382,3.367295829986474,8260.0,0.0
388.6,4.585987366571318,0.0,157.9,2.5726122302071057,852.1,925.7,91,57.59882504,0.32509779030064256,4.5217885770490405,35362.6,0.19991764463660694
154.0,4.727387818712341,4.976733742420574,220.0,2.3978952727983707,923.0,658.0,28,26.82,0.5365853527662109,3.367295829986474,4312.0,0.624390243902439
305.3,5.320567975482857,0.0,203.5,0.0,965.4,631.0,90,54.598914963999995,0.39996068396303686,4.51085950651685,27477.0,0.3999606918238994
439.0,5.181783550292085,0.0,186.0,2.4932054526026954,884.9,707.9,3,39.300132,0.30194804704629796,1.3862943611198906,1317.0,0.28733766233766234
359.0,2.995732273553991,4.955827057601261,154.0,2.477378383367209,942.0,801.0,3,25.11662571527068,0.2967244644176404,1.3862943611198906,1077.0,0.30828516377649323
289.0,4.90527477843843,0.0,195.0,1.9459101490553132,924.0,760.0,28,46.24315532,0.46099289690324124,3.367295829986474,8092.0,0.31678486997635935
316.1,5.35517017814082,0.0,185.7,0.0,977.0,689.3,7,24.437787344,0.3525056880693681,2.0794415416798357,2212.7000000000003,0.39996203492786636
251.81,0.0,4.614526280912116,146.14,2.5915163848462583,1006.0,899.76,14,33.35684888,0.4154655176839938,2.70805020110221,3525.34,0.28412224591329066
181.38,0.0,5.124023501441311,169.59,2.1471001901536506,1055.6,777.8,56,35.570066839999996,0.48678204062165853,4.04305126783455,10157.279999999999,0.47937656075088264
202.0,2.4849066497880004,4.955827057601261,206.0,1.000631880307906,942.0,801.0,28,21.96670536,0.5819208875163592,3.367295829986474,5656.0,0.4293785310734463
525.0,0.0,0.0,189.0,0.0,1125.0,613.0,3,33.79811352,0.3599999931428573,1.3862943611198906,1575.0,0.0
212.07,0.0,4.809090142334542,180.31,1.900613874140137,1057.6,779.32,28,24.90387312,0.5403518073555754,3.367295829986474,5937.96,0.36447001708172255
331.0,0.0,0.0,192.0,0.0,1025.0,821.0,120,39.382869119999995,0.5800604054362416,4.795790545596741,39720.0,0.0
198.6,4.893352133481524,0.0,192.0,0.0,978.4,825.5,360,44.296075096,0.5800604054362416,5.8888779583328805,71496.0,0.4
355.9,0.0,4.960043507980195,193.3,2.4849066497880004,801.4,778.4,28,40.8686899,0.3885427057579356,3.367295829986474,9965.199999999999,0.28462311557788944
172.8,5.070789216916003,5.482720089545816,166.4,2.128231705849268,952.6,644.1,28,41.81,0.2916228480262382,3.367295829986474,4838.400000000001,0.6971608832807571
309.9,4.9684234452869465,4.720282993088596,167.8,3.139832617527748,913.9,651.2,28,38.215586251999994,0.2975704859448398,3.367295829986474,8677.199999999999,0.4504344741975528
159.0,5.0106352940962555,4.762173934797756,175.0,2.772588722239781,953.0,720.0,28,27.67556664,0.412735839322268,3.367295829986474,4452.0,0.625
288.0,5.262690188904886,0.0,192.0,0.0,932.0,717.8,90,50.526869708,0.3999999916666669,4.51085950651685,25920.0,0.4
212.52,0.0,4.618777189394308,159.32,2.2731562823032334,1007.8,903.59,100,42.919881,0.5091885164374536,4.61512051684126,21252.0,0.3207836619898367
325.0,0.0,0.0,184.0,0.0,1063.0,783.0,7,17.54026944,0.5661538287337284,2.0794415416798357,2275.0,0.0
475.0,0.0,0.0,228.0,0.0,932.0,594.0,90,42.229026048,0.4799999898947371,4.51085950651685,42750.0,0.0
362.6,5.247024072160486,0.0,164.9,2.533696813957432,944.7,755.8,3,35.3011712,0.29894850799585737,1.3862943611198906,1087.8000000000002,0.3426395939086294
155.0,0.0,4.969813299576001,193.0,2.302585092994046,1047.0,697.0,28,12.45883132,0.6476509849781549,3.367295829986474,4340.0,0.4798657718120805
305.3,5.320567975482857,0.0,203.5,0.0,965.4,631.0,7,25.893960655999997,0.39996068396303686,2.0794415416798357,2137.1,0.3999606918238994
491.0,3.295836866004329,4.820281565605037,210.0,1.5953389880545987,882.0,699.0,56,59.590425715270676,0.32812499487304697,4.04305126783455,27496.0,0.2328125
336.5,0.0,0.0,181.9,1.4816045409242156,985.8,816.8,28,44.868340176000004,0.5405646198940678,3.367295829986474,9422.0,0.0
166.09,0.0,5.101511415553109,176.46,1.7029282555214393,1058.6,780.09,28,21.53923024,0.5357663184428493,3.367295829986474,4650.52,0.4957189701238766
190.34,0.0,4.837709458942664,161.85,2.3869262414277967,1088.1,802.59,100,40.38950408,0.5129627119370338,4.61512051684126,19034.0,0.39674188640973634
427.5,3.8815637979434374,0.0,228.0,0.0,932.0,594.0,180,41.836714203999996,0.4799999898947371,5.198497031265826,76950.0,0.1
194.68,0.0,4.620255823406132,165.62,2.1377104498038118,1006.4,905.9,100,37.34202016,0.5610433414280712,4.61512051684126,19468.0,0.34051490514905147
162.0,5.252796851246227,5.004617221770693,178.8,2.9856819377004897,838.1,741.4,28,33.762260768,0.35745701004684105,3.367295829986474,4536.0,0.6761295481807277
165.0,0.0,5.017279836814924,182.0,2.5649493574615367,1023.0,729.0,28,18.0297974,0.5777777594356267,3.367295829986474,4620.0,0.47619047619047616
331.0,0.0,0.0,192.0,0.0,879.0,825.0,3,13.52062436,0.5800604054362416,1.3862943611198906,993.0,0.0
475.0,0.0,4.0943445622221,142.0,1.0647107369924282,1098.0,641.0,28,57.226507999999995,0.26591759801652437,3.367295829986474,13300.0,0.1104868913857678
190.68,0.0,4.839451481712757,162.14,2.1713368063840917,1090.0,804.01,56,35.34253976,0.5129713834164963,4.04305126783455,10678.08,0.39673500379650717
173.81,4.547223226033242,5.080783053998338,172.34,2.373043556642607,1007.2,746.6,100,50.93848688,0.4035309449393335,4.61512051684126,17381.0,0.5930270675283319
192.0,5.666426688112432,0.0,192.0,0.0,929.8,716.1,3,12.788400847999998,0.3999999916666669,1.3862943611198906,576.0,0.6
277.19,4.593300013417604,3.2371085931292605,160.7,2.5006159434931803,1061.7,782.46,3,30.44726016,0.4022830149377171,1.3862943611198906,831.5699999999999,0.3061055899066263
425.0,4.675628649636653,0.0,153.5,2.8622008809294686,852.1,887.1,3,33.398217439999996,0.28891397912828953,1.3862943611198906,1275.0,0.2000752870318088
382.5,0.0,0.0,185.7,0.0,1047.8,739.3,7,24.065470304,0.48549018338587757,2.0794415416798357,2677.5,0.0
374.0,5.24807615011129,0.0,170.1,2.4069451083182885,926.1,756.7,28,61.09446836,0.30202414236462816,3.367295829986474,10472.0,0.33593749999999994
382.0,0.0,0.0,186.0,0.0,1047.0,739.0,28,37.42475728,0.4869109820180372,3.367295829986474,10696.0,0.0
250.2,5.122772794033106,0.0,203.5,0.0,977.6,694.1,90,47.714497103999996,0.4880095806232715,4.51085950651685,22518.0,0.4
141.3,5.3612921657094255,0.0,203.5,0.0,971.8,748.5,3,4.827710952,0.575997719332077,1.3862943611198906,423.90000000000003,0.6000566091140673
212.57,0.0,4.618974466964488,159.35,2.4309783077624445,1003.8,903.79,28,37.404073,0.5091704847529881,3.367295829986474,5951.96,0.32077581799591004
397.0,0.0,0.0,185.7,0.0,1040.6,734.3,7,25.447869684,0.4677581746156631,2.0794415416798357,2779.0,0.0
333.0,0.0,0.0,192.0,0.0,931.2,842.6,28,31.966865263999996,0.5765765592619653,3.367295829986474,9324.0,0.0
237.5,5.474369310328396,0.0,228.0,0.0,932.0,594.0,270,38.407950056000004,0.4799999898947371,5.602118820879701,64125.0,0.5
381.4,0.0,0.0,185.7,0.0,1104.6,784.3,28,22.489328168,0.4868903910096909,3.367295829986474,10679.199999999999,0.0
200.0,4.897839799950911,0.0,192.0,0.0,965.4,806.2,28,30.439675923999996,0.5765765592619653,3.367295829986474,5600.0,0.3993993993993994
286.3,5.307772525318792,0.0,144.7,2.501435951739211,1004.6,803.7,7,37.997022359999995,0.29700327797612314,2.0794415416798357,2004.1000000000001,0.41235632183908044
285.0,5.25227342804663,0.0,163.0,2.151762203259462,1031.0,685.0,28,53.57917996,0.34315788751246556,3.367295829986474,7980.0,0.4
140.1,2.5494451709255714,5.425390449111513,207.8,1.7749523509116738,1020.9,683.8,28,26.28,0.5497354351921844,3.367295829986474,3922.7999999999997,0.6293650793650793
446.0,3.2188758248682006,4.382026634673881,162.0,2.5368663887187113,967.0,712.0,28,51.021224,0.29508196183821567,3.367295829986474,12488.0,0.18761384335154827
167.95,3.7630588522881876,5.1049146397432645,121.75,1.9050881545350582,1058.7,780.11,56,32.8535314,0.3256566542112916,4.04305126783455,9405.199999999999,0.5507676670411384
337.9,5.247024072160486,0.0,174.9,2.3513752571634776,944.7,755.8,7,35.101223159999996,0.33194153858528114,2.0794415416798357,2365.2999999999997,0.35870184095653823
350.0,0.0,0.0,203.0,0.0,974.0,775.0,7,18.12632404,0.579999983428572,2.0794415416798357,2450.0,0.0
143.6,0.0,5.169915651743512,158.4,2.9391619220655967,942.7,844.5,28,15.42357812,0.49733122457358797,3.367295829986474,4020.7999999999997,0.5491365777080063
349.0,0.0,5.187385805840755,230.0,1.9459101490553132,785.0,721.0,28,43.95,0.43643262928970344,3.367295829986474,9772.0,0.3377609108159393
397.0,0.0,0.0,185.0,0.0,1040.0,734.0,28,39.0932892,0.46599495047871664,3.367295829986474,11116.0,0.0
318.8,5.363636832668679,0.0,155.7,2.72785282839839,852.1,880.4,28,55.495923239999996,0.293054765799835,3.367295829986474,8926.4,0.39996235648409567
190.68,0.0,4.839451481712757,162.14,2.1713368063840917,1090.0,804.01,3,15.04436632,0.5129713834164963,1.3862943611198906,572.04,0.39673500379650717
153.1,4.983606621708336,4.736198448394496,178.5,2.1972245773362196,1001.9,688.7,28,25.559564796,0.4342009137873774,3.367295829986474,4286.8,0.627584529311603
158.4,0.0,5.277604324950495,219.7,2.4849066497880004,897.7,712.9,28,8.536402356,0.6218511004287829,3.367295829986474,4435.2,0.5516558165864704
143.0,5.138148614395216,4.967727793084979,190.7,2.2407096892759584,967.4,643.5,28,29.726068263999995,0.41902877567504343,3.367295829986474,4004.0,0.6857833443199298
236.0,5.062595033026967,0.0,192.0,0.0,972.6,749.1,3,13.565440299999999,0.48854960588932306,1.3862943611198906,708.0,0.3994910941475827
149.0,4.941642422609304,4.700480365792417,193.0,1.9459101490553132,892.0,780.0,28,23.69039536,0.48614608347239086,3.367295829986474,4172.0,0.6246851385390428
288.0,5.262690188904886,0.0,192.0,0.0,932.0,717.8,7,23.523542168,0.3999999916666669,2.0794415416798357,2016.0,0.4
116.0,5.159055299214529,0.0,192.0,0.0,909.8,891.9,28,22.347985588,0.6643598386034658,3.367295829986474,3248.0,0.5986159169550173
231.75,0.0,4.809090142334542,173.96,2.0438143640366846,1056.4,778.45,100,45.83636448,0.4922885221640626,4.61512051684126,23175.0,0.34417183122506156
310.0,0.0,0.0,192.0,0.0,970.0,850.0,90,34.6806428,0.6193548187304898,4.51085950651685,27900.0,0.0
238.1,0.0,0.0,185.7,0.0,1118.8,789.3,28,17.576122192,0.7799243687558014,3.367295829986474,6666.8,0.0
233.81,0.0,4.559963593150012,197.89,1.7168563092013707,947.04,852.16,14,22.13907436,0.6026066383688103,2.70805020110221,3273.34,0.28801120618776455
108.3,5.096201182425903,0.0,203.5,0.0,938.2,849.0,28,20.593958644,0.7517546822403147,3.367295829986474,3032.4,0.5999261174732177
401.8,4.5612182984589085,0.0,147.4,2.517696472610991,946.8,852.1,28,68.4994406,0.2968781410497857,3.367295829986474,11250.4,0.19073514602215508
350.0,0.0,0.0,203.0,0.0,974.0,775.0,28,27.337723399999998,0.579999983428572,3.367295829986474,9800.0,0.0
374.0,5.24807615011129,0.0,170.1,2.4069451083182885,926.1,756.7,56,63.3973182,0.30202414236462816,4.04305126783455,20944.0,0.33593749999999994
279.8,4.866764923676554,4.619073091157083,172.4,2.3513752571634776,825.1,804.9,28,52.826961643999994,0.33863680340528773,3.367295829986474,7834.400000000001,0.4504026713808682
336.0,4.90527477843843,0.0,222.0,1.9459101490553132,756.0,787.0,28,31.9,0.47234041548211886,3.367295829986474,9408.0,0.2851063829787234
312.7,0.0,0.0,178.1,2.1972245773362196,999.7,822.2,28,25.10382116,0.5695554662758087,3.367295829986474,8755.6,0.0
362.6,5.247024072160486,0.0,164.9,2.533696813957432,944.7,755.8,28,71.29871315999999,0.29894850799585737,3.367295829986474,10152.800000000001,0.3426395939086294
157.0,5.4680601411351315,0.0,192.0,0.0,935.4,781.2,7,16.889404096,0.48854960588932306,2.0794415416798357,1099.0,0.6005089058524173
375.0,4.551769409260976,0.0,126.6,3.1945831322991562,852.1,992.6,91,62.5009994,0.27005118877877154,4.5217885770490405,34125.0,0.2000853242320819
296.0,0.0,0.0,192.0,0.0,1085.0,765.0,7,14.2032056,0.6486486267348437,2.0794415416798357,2072.0,0.0
359.0,2.995732273553991,4.955827057601261,154.0,2.477378383367209,942.0,801.0,56,68.75060685418796,0.2967244644176404,4.04305126783455,20104.0,0.30828516377649323
251.37,0.0,4.7813898305905775,188.45,1.9947003132247452,1028.4,757.73,3,13.12072828,0.5098203519689333,1.3862943611198906,754.11,0.31995996104317714
154.8,5.2171073111224935,0.0,193.3,2.312535423847214,877.2,867.7,28,23.786922,0.5715552758262781,3.367295829986474,4334.400000000001,0.5422826729745712
122.6,5.219815138393079,0.0,203.5,0.0,958.2,800.1,3,3.31982694,0.6639477760539062,1.3862943611198906,367.79999999999995,0.6
151.6,0.0,4.726502471155617,184.4,2.186051276738094,992.0,815.9,28,12.180972492,0.6998102201210543,3.367295829986474,4244.8,0.42466793168880457
213.76,4.595725727160092,3.239462458476589,181.74,2.0347056478384444,1066.0,785.52,100,49.973220479999995,0.5403460623076036,4.61512051684126,21376.0,0.36445263721234467
274.0,4.499809670330265,4.7535901911063645,202.0,2.302585092994046,759.0,827.0,28,35.52,0.4225941334185328,3.367295829986474,7672.0,0.42677824267782427
145.0,0.0,5.19295685089021,202.0,2.1972245773362196,824.0,869.0,28,10.53519328,0.623456770880964,3.367295829986474,4060.0,0.5524691358024691
491.0,3.295836866004329,4.820281565605037,210.0,1.5953389880545987,882.0,699.0,3,25.60910856945864,0.32812499487304697,1.3862943611198906,1473.0,0.2328125
181.38,0.0,5.124023501441311,169.59,2.1471001901536506,1055.6,777.8,3,13.62404576,0.48678204062165853,1.3862943611198906,544.14,0.47937656075088264
142.0,4.875197323201151,5.123963979403259,215.0,1.9459101490553132,735.0,836.0,28,31.37,0.4897494193678948,3.367295829986474,3976.0,0.6765375854214123
140.0,5.10594547390058,4.859812404361672,237.0,1.9459101490553132,869.0,656.0,28,35.225328839999996,0.5486110984117801,3.367295829986474,3920.0,0.6759259259259259
287.0,4.804021044733257,4.553876891600541,188.0,2.302585092994046,904.0,696.0,28,41.940825079999996,0.3745019845716736,3.367295829986474,8036.0,0.42828685258964144
159.8,5.5254529391317835,0.0,168.4,2.580216829592325,1049.3,688.2,28,39.455953576,0.4109321520026317,3.367295829986474,4474.400000000001,0.6100536847242557
152.6,5.479388141440339,0.0,200.0,1.9878743481543455,1001.8,683.9,28,26.859916531999996,0.5111167771245394,3.367295829986474,4272.8,0.6100178890876565
167.0,4.335982696172475,5.123963979403259,164.03,2.187174241482718,1007.3,770.1,3,15.520104759999999,0.40065949192331485,1.3862943611198906,501.0,0.5920859794821691
160.0,0.0,5.5254529391317835,168.0,2.5649493574615367,1049.0,688.0,28,37.66,0.4097560875669247,3.367295829986474,4480.0,0.6097560975609756
289.0,0.0,0.0,192.0,0.0,913.2,895.3,7,14.596896395999998,0.6643598386034658,2.0794415416798357,2023.0,0.0
212.52,0.0,4.618777189394308,159.32,2.2731562823032334,1007.8,903.59,3,13.54130864,0.5091885164374536,1.3862943611198906,637.5600000000001,0.3207836619898367
218.85,0.0,4.829353196876964,158.49,2.512035317176253,1078.7,794.91,3,15.340841,0.46209690179902907,1.3862943611198906,656.55,0.3619161467140941
165.0,0.019802627296179712,4.973763819320351,163.81,0.0,1005.6,900.9,28,26.200088,0.5308337752087309,3.367295829986474,4620.0,0.4653099581969603
246.83,0.0,4.836916626109569,143.3,2.5641798306825083,1086.8,800.89,56,60.32225524,0.3853082631467758,4.04305126783455,13822.480000000001,0.33631792638003816
255.0,4.605170185988092,4.356708826689592,189.0,1.9459101490553132,919.0,749.0,28,33.79811352,0.43851507103213294,3.367295829986474,7140.0,0.40835266821345706
150.4,4.717605615317879,5.483551344789026,168.1,2.0149030205422647,1000.2,667.2,28,37.92,0.33552893541858414,3.367295829986474,4211.2,0.6998003992015969
332.0,0.0,5.14166355650266,160.0,1.9459101490553132,900.0,806.0,28,58.53,0.3187250932524882,3.367295829986474,9296.0,0.3386454183266932
238.0,0.0,0.0,186.0,0.0,1119.0,789.0,28,17.54026944,0.7815125722053541,3.367295829986474,6664.0,0.0
424.0,3.1354942159291497,4.890349128221754,178.0,2.2491843162669305,822.0,750.0,7,39.004642284729314,0.30795847218064926,2.0794415416798357,2968.0,0.2664359861591695
310.0,0.0,0.0,192.0,0.0,1012.0,830.0,120,38.70028788,0.6193548187304898,4.795790545596741,37200.0,0.0
167.0,4.335982696172475,5.123963979403259,164.03,2.187174241482718,1007.3,770.1,14,32.90179472,0.40065949192331485,2.70805020110221,2338.0,0.5920859794821691
136.4,5.0912931971137105,4.842611042003125,171.6,2.4336133554004498,922.6,764.4,28,29.073134491999998,0.40490796590589984,3.367295829986474,3819.2000000000003,0.6781500707881075
349.0,0.0,0.0,192.0,0.0,1047.0,806.0,90,39.48629052,0.5501432507122278,4.51085950651685,31410.0,0.0
213.76,4.595725727160092,3.239462458476589,181.74,2.0347056478384444,1066.0,785.52,56,47.13257936,0.5403460623076036,4.04305126783455,11970.56,0.36445263721234467
173.0,4.762173934797756,0.0,192.0,0.0,946.8,856.8,28,24.281965768,0.6643598386034658,3.367295829986474,4844.0,0.4013840830449827
310.0,0.0,4.969813299576001,168.0,2.3978952727983707,914.0,804.0,28,49.3,0.37086091896554263,3.367295829986474,8680.0,0.31567328918322296
108.3,5.096201182425903,0.0,203.5,0.0,938.2,849.0,3,2.331807832,0.7517546822403147,1.3862943611198906,324.9,0.5999261174732177
167.95,3.7630588522881876,5.1049146397432645,121.75,1.9050881545350582,1058.7,780.11,14,17.8229546,0.3256566542112916,2.70805020110221,2351.2999999999997,0.5507676670411384
143.0,5.135798437050262,4.969813299576001,191.0,2.1972245773362196,967.0,643.0,28,29.72331036,0.4197802105542811,3.367295829986474,4004.0,0.6857142857142857
252.1,4.585987366571318,4.338597076746545,193.8,2.2300144001592104,835.5,821.4,28,33.399596392,0.45621467852601993,3.367295829986474,7058.8,0.4065442561205273
160.0,4.859812404361672,4.812184355372417,182.0,2.0014800002101243,824.0,879.0,28,39.39665864,0.44390242819750175,3.367295829986474,4480.0,0.6097560975609756
297.16,0.0,4.775250456359692,174.8,2.3532782073095637,1022.8,753.45,28,47.401475,0.42150951479359744,3.367295829986474,8320.480000000001,0.2834338075717386
336.0,0.0,0.0,182.0,1.3862943611198906,986.0,817.0,28,44.86420332,0.5416666505456355,3.367295829986474,9408.0,0.0
229.68,0.0,4.780467127845082,195.23,1.9643112344262046,1028.1,757.63,14,22.31833812,0.5612637833123337,2.70805020110221,3215.52,0.3396964121435142
167.0,4.335982696172475,5.123963979403259,164.03,2.187174241482718,1007.3,770.1,56,53.46196904,0.40065949192331485,4.04305126783455,9352.0,0.5920859794821691
155.6,5.499215308914927,0.0,180.3,2.4595888418037104,1022.0,697.7,28,37.363393916,0.4517664632481468,3.367295829986474,4356.8,0.6101227762465548
145.0,4.762173934797756,4.787491742782046,184.0,1.9021075263969205,833.0,880.0,28,29.15794004,0.48421051357340755,3.367295829986474,4060.0,0.618421052631579
425.0,4.675628649636653,0.0,151.4,2.975529566236472,936.0,803.7,3,36.3009114,0.28496141003272335,1.3862943611198906,1275.0,0.2000752870318088
178.03,4.873669439023098,4.784152841516532,179.94,1.5195132049061133,1007.3,746.8,14,34.23937816,0.42196842572125726,2.70805020110221,2492.42,0.5825106113547358
272.8,5.20893955539682,0.0,185.7,0.0,1012.4,714.3,28,31.38150014,0.408401134629401,3.367295829986474,7638.400000000001,0.40004398504508465
295.8,0.0,0.0,185.7,0.0,1091.4,769.3,7,14.843728804,0.6277890254297152,2.0794415416798357,2070.6,0.0
198.6,4.893352133481524,0.0,192.0,0.0,978.4,825.5,90,38.074243671999994,0.5800604054362416,4.51085950651685,17874.0,0.4
375.0,4.551769409260976,0.0,126.6,3.1945831322991562,852.1,992.6,28,56.69561148,0.27005118877877154,3.367295829986474,10500.0,0.2000853242320819
182.04,3.833196224882175,4.811940423184356,170.21,2.2181159363675955,1059.4,780.65,56,43.49904084,0.4874004785693695,4.04305126783455,10194.24,0.47872401351583527
273.0,4.418840607796598,4.663439094112067,210.0,2.302585092994046,904.0,680.0,28,34.99,0.4565217292060494,3.367295829986474,7644.0,0.40652173913043477
162.0,5.3706380281276624,5.10594547390058,202.0,2.3978952727983707,820.0,680.0,28,30.647208199999998,0.37407406714677655,3.367295829986474,4536.0,0.7
387.0,3.044522437723423,4.553876891600541,157.0,2.534490149976828,938.0,845.0,7,41.66503468,0.3133732472380589,2.0794415416798357,2709.0,0.2275449101796407
491.0,3.295836866004329,4.820281565605037,210.0,1.5953389880545987,882.0,699.0,28,55.55108132,0.32812499487304697,3.367295829986474,13748.0,0.2328125
397.0,0.0,0.0,186.0,0.0,1040.0,734.0,28,36.93522932,0.4685138421029259,3.367295829986474,11116.0,0.0
165.0,0.019802627296179712,4.973763819320351,163.81,0.0,1005.6,900.9,14,16.87837248,0.5308337752087309,2.70805020110221,2310.0,0.4653099581969603
250.0,5.198497031265826,4.564348191467836,159.0,2.34660197841082,860.0,800.0,28,67.86512268,0.3028571370884355,3.367295829986474,7000.0,0.5238095238095238
286.3,5.307772525318792,0.0,144.7,2.501435951739211,1004.6,803.7,3,24.40055564,0.29700327797612314,1.3862943611198906,858.9000000000001,0.41235632183908044
194.68,0.0,4.620255823406132,165.62,2.1377104498038118,1006.4,905.9,3,12.45193656,0.5610433414280712,1.3862943611198906,584.04,0.34051490514905147
313.0,0.0,4.736198448394496,178.0,2.1972245773362196,1002.0,689.0,28,36.80422888,0.4178403657783952,3.367295829986474,8764.0,0.2652582159624413
133.0,5.303304908059076,0.0,192.0,0.0,927.4,839.2,7,13.664035367999999,0.5765765592619653,2.0794415416798357,931.0,0.6006006006006006
250.0,0.0,4.5715099844954565,191.84,1.8453002361560848,948.9,857.2,14,24.65566176,0.554948058811419,2.70805020110221,3500.0,0.2768087014377043
144.0,0.0,5.170483995038151,158.0,2.9444389791664403,943.0,844.0,28,15.41668336,0.4952977901160568,3.367295829986474,4032.0,0.54858934169279
203.5,4.917788743729904,0.0,185.7,0.0,1076.2,759.3,28,22.629981272,0.5474646065016331,3.367295829986474,5698.0,0.40005896226415094
469.0,4.772378104971998,0.0,137.8,3.502549875922443,852.1,840.5,56,69.29923276,0.23507334979404043,4.04305126783455,26264.0,0.19993176390310474
480.0,0.0,0.0,192.0,0.0,936.0,721.0,90,54.27555072,0.3999999916666669,4.51085950651685,43200.0,0.0
294.0,4.672828834461906,4.919980925828125,207.0,1.9459101490553132,747.0,778.0,28,41.27,0.3861940226456339,3.367295829986474,8232.0,0.45149253731343286
218.23,4.018902367055242,4.82655218668264,140.75,2.558002204858551,1075.7,792.67,3,27.42046052,0.35484683335820416,1.3862943611198906,654.6899999999999,0.4498172192108913
261.0,4.61512051684126,4.3694478524670215,201.0,2.302585092994046,864.0,761.0,28,32.39847724,0.4578587595020784,3.367295829986474,7308.0,0.4054669703872437
297.16,0.0,4.775250456359692,174.8,2.3532782073095637,1022.8,753.45,100,56.7438748,0.42150951479359744,4.61512051684126,29716.000000000004,0.2834338075717386
250.0,0.0,4.5715099844954565,191.84,1.8453002361560848,948.9,857.2,56,39.64487,0.554948058811419,4.04305126783455,14000.0,0.2768087014377043
132.0,5.337538079701318,5.087596335232384,179.0,1.791759469228055,867.0,736.0,28,33.301690799999996,0.35799999284000017,3.367295829986474,3696.0,0.736
339.0,0.0,0.0,197.0,0.0,968.0,781.0,3,13.22414968,0.5811209268105921,1.3862943611198906,1017.0,0.0
355.0,2.995732273553991,4.584967478670572,145.0,2.583997552432231,967.0,871.0,28,55.45455468,0.3078556197907512,3.367295829986474,9940.0,0.24628450106157113
300.0,0.0,0.0,184.0,0.0,1075.0,795.0,7,15.575262839999999,0.6133333128888896,2.0794415416798357,2100.0,0.0
313.3,5.572914199451162,0.0,175.5,2.2617630984737906,1046.9,611.8,56,64.90037588,0.3049522101659043,4.04305126783455,17544.8,0.4556038227628149
135.0,4.663439094112067,5.267858159063328,196.0,1.9459101490553132,965.0,643.0,28,21.91154728,0.45265587869155016,3.367295829986474,3780.0,0.6882217090069284
276.0,4.762173934797756,4.51085950651685,180.0,2.302585092994046,870.0,768.0,28,44.27814872,0.37344397565468934,3.367295829986474,7728.0,0.42738589211618255
310.0,0.0,0.0,192.0,0.0,1012.0,830.0,28,27.827251359999998,0.6193548187304898,3.367295829986474,8680.0,0.0
167.35,4.874433672915854,4.86460709299957,175.46,2.1736147116970854,1006.3,746.6,3,14.94094492,0.41200365341527573,1.3862943611198906,502.04999999999995,0.6070397069528259
190.68,0.0,4.839451481712757,162.14,2.1713368063840917,1090.0,804.01,14,21.063491799999998,0.5129713834164963,2.70805020110221,2669.52,0.39673500379650717
181.38,0.0,5.124023501441311,169.59,2.1471001901536506,1055.6,777.8,28,27.77209328,0.48678204062165853,3.367295829986474,5078.639999999999,0.47937656075088264
277.05,0.0,4.588939172877674,160.6,2.551786178627545,973.9,875.61,3,23.13881456,0.42890715658297307,1.3862943611198906,831.1500000000001,0.2600950753124666
143.0,4.882801922586371,5.1298987149230735,217.0,1.9459101490553132,891.0,672.0,28,26.42,0.490950215136873,3.367295829986474,4004.0,0.6764705882352942
272.8,4.664382045619938,4.416428061391214,209.7,2.302585092994046,904.0,679.7,28,37.171030112,0.45616705555433856,3.367295829986474,7638.400000000001,0.40656950184903196
157.0,5.4680601411351315,0.0,192.0,0.0,935.4,781.2,90,43.377003588,0.48854960588932306,4.51085950651685,14130.0,0.6005089058524173
159.0,5.236441962829949,0.0,176.0,2.4849066497880004,990.0,789.0,28,32.763899519999995,0.5086705055297542,3.367295829986474,4452.0,0.5404624277456648
304.0,4.343805421853684,0.0,228.0,0.0,932.0,670.0,365,55.260122448,0.5999999842105268,5.902633333401366,110960.0,0.2
277.19,4.593300013417604,3.2371085931292605,160.7,2.5006159434931803,1061.7,782.46,100,66.9481196,0.4022830149377171,4.61512051684126,27719.0,0.3061055899066263
246.83,0.0,4.836916626109569,143.3,2.5641798306825083,1086.8,800.89,100,66.42411784,0.3853082631467758,4.61512051684126,24683.0,0.33631792638003816
280.0,4.532599493153256,4.77912349311153,207.0,2.302585092994046,883.0,679.0,28,37.39,0.42244897097042916,3.367295829986474,7840.0,0.42857142857142855
139.6,5.349010480863555,0.0,192.0,0.0,1047.0,806.9,3,8.06342182,0.5501432507122278,1.3862943611198906,418.79999999999995,0.6
380.0,0.0,0.0,228.0,0.0,932.0,670.0,270,53.300631656,0.5999999842105268,5.602118820879701,102600.0,0.0
356.0,4.962844630259907,0.0,193.0,2.4849066497880004,801.0,778.0,28,36.46,0.38755019302108046,3.367295829986474,9968.0,0.285140562248996
133.0,5.303304908059076,0.0,192.0,0.0,927.4,839.2,28,27.874825204,0.5765765592619653,3.367295829986474,3724.0,0.6006006006006006
190.68,0.0,4.839451481712757,162.14,2.1713368063840917,1090.0,804.01,100,40.56876784,0.5129713834164963,4.61512051684126,19068.0,0.39673500379650717
485.0,0.0,0.0,146.0,0.0,1120.0,800.0,28,71.98818916,0.3010309216282284,3.367295829986474,13580.0,0.0
393.0,0.0,0.0,192.0,0.0,940.0,758.0,3,19.10537996,0.48854960588932306,1.3862943611198906,1179.0,0.0
323.7,5.648269764725942,0.0,183.8,2.424802725718295,942.7,659.9,56,80.19984832,0.3030502835441009,4.04305126783455,18127.2,0.4662819455894477
393.0,0.0,0.0,192.0,0.0,940.6,785.6,7,27.742445811999996,0.48854960588932306,2.0794415416798357,2751.0,0.0
200.0,5.303304908059076,0.0,190.0,0.0,1145.0,660.0,28,49.249270679999995,0.4749999881250003,3.367295829986474,5600.0,0.5
165.3,4.971201224850849,5.477717994914328,200.4,2.0918640616783932,883.2,652.6,28,32.84,0.3664959698885156,3.367295829986474,4628.400000000001,0.6976956839795172
168.88,3.76630335107874,4.830311739964974,158.33,2.4706386779902956,1080.8,796.15,56,39.14844728,0.47213357769096237,4.04305126783455,9457.279999999999,0.49640673922767253
425.0,4.675628649636653,0.0,153.5,2.8622008809294686,852.1,887.1,3,33.398217439999996,0.28891397912828953,1.3862943611198906,1275.0,0.2000752870318088
288.0,5.262690188904886,0.0,192.0,0.0,932.0,717.8,3,16.10960674,0.3999999916666669,1.3862943611198906,864.0,0.4
295.71,0.0,4.570992734186505,171.54,2.28949985344539,955.14,859.2,14,35.2322236,0.43832885043237896,2.70805020110221,4139.94,0.24438482177079343
159.0,0.0,5.236441962829949,176.0,2.4849066497880004,990.0,789.0,28,32.57,0.5086705055297542,3.367295829986474,4452.0,0.5404624277456648
154.8,5.2171073111224935,0.0,193.3,2.312535423847214,1047.4,696.7,28,18.287661424,0.5715552758262781,3.367295829986474,4334.400000000001,0.5422826729745712
331.0,0.0,0.0,192.0,0.0,1025.0,821.0,90,37.91428524,0.5800604054362416,4.51085950651685,29790.0,0.0
522.0,0.0,0.0,146.0,0.0,896.0,896.0,28,74.98740975999999,0.27969348123192567,3.367295829986474,14616.0,0.0
250.0,0.0,4.5715099844954565,191.84,1.8453002361560848,948.9,857.2,3,8.48744956,0.554948058811419,1.3862943611198906,750.0,0.2768087014377043
102.0,5.0369526024136295,0.0,192.0,0.0,887.0,942.0,7,7.675936308,0.7529411469434845,2.0794415416798357,714.0,0.6
375.0,4.551769409260976,0.0,126.6,3.1945831322991562,852.1,992.6,3,28.99936056,0.27005118877877154,1.3862943611198906,1125.0,0.2000853242320819
141.9,5.121580188047982,4.872904620630176,173.5,2.4765384001174837,882.6,785.3,28,44.61185510399999,0.395937918851257,3.367295829986474,3973.2000000000003,0.6761752624372431
389.9,5.247024072160486,0.0,145.9,3.1354942159291497,944.7,755.8,7,59.09498796,0.25202970716825523,2.0794415416798357,2729.2999999999997,0.3264812575574365
151.0,0.0,5.225746673713202,167.0,2.833213344056216,1074.0,678.0,28,13.45857152,0.4970237947314347,3.367295829986474,4228.0,0.5505952380952381
250.0,0.0,0.0,182.0,0.0,1100.0,820.0,28,20.87043852,0.7279999708800011,3.367295829986474,7000.0,0.0
200.0,0.0,0.0,180.0,0.0,1125.0,845.0,7,7.8393421199999995,0.8999999550000022,2.0794415416798357,1400.0,0.0
295.71,0.0,4.570992734186505,171.54,2.28949985344539,955.14,859.2,28,39.94134468,0.43832885043237896,3.367295829986474,8279.88,0.24438482177079343
295.0,4.672828834461906,4.919980925828125,206.0,2.4849066497880004,750.0,766.0,28,41.01,0.383612655798647,3.367295829986474,8260.0,0.4506517690875233
272.8,5.20893955539682,0.0,185.7,0.0,1012.4,714.3,7,19.765208492,0.408401134629401,2.0794415416798357,1909.6000000000001,0.40004398504508465
165.0,0.019802627296179712,4.973763819320351,163.81,0.0,1005.6,900.9,56,36.56291228,0.5308337752087309,4.04305126783455,9240.0,0.4653099581969603
528.0,0.0,0.0,185.0,2.061786606441115,920.0,720.0,28,56.83350668,0.3503787812428261,3.367295829986474,14784.0,0.0
155.0,5.214935757608986,0.0,193.0,2.302585092994046,1047.0,697.0,28,18.28490352,0.5710059002660977,3.367295829986474,4340.0,0.5414201183431953
212.0,4.957937505095806,0.0,203.5,0.0,973.4,750.0,90,39.700028079999996,0.575997719332077,4.51085950651685,19080.0,0.39994339088593267
167.0,4.335982696172475,5.123963979403259,164.03,2.187174241482718,1007.3,770.1,100,56.8128224,0.40065949192331485,4.61512051684126,16700.0,0.5920859794821691
366.0,5.236441962829949,0.0,191.3,2.028148247292285,824.3,756.9,28,65.909079268,0.345931277650429,3.367295829986474,10248.0,0.33815551537070526
540.0,0.0,0.0,162.0,1.252762968495368,1055.0,676.0,28,61.887365759999994,0.2999999944444446,3.367295829986474,15120.0,0.0
172.38,2.681706225762608,5.155428038997797,156.76,1.6370530794670737,1006.3,856.4,56,35.852751999999995,0.43743720176813256,4.04305126783455,9653.279999999999,0.5189753320683113
255.5,5.143416405330075,0.0,185.7,0.0,1026.6,724.3,7,17.236210524,0.4361202340037521,2.0794415416798357,1788.5,0.3999530295913575
231.75,0.0,4.809090142334542,173.96,2.0438143640366846,1056.4,778.45,3,15.43736764,0.4922885221640626,1.3862943611198906,695.25,0.34417183122506156
439.0,5.181783550292085,0.0,186.0,2.4932054526026954,884.9,707.9,56,71.69860924,0.30194804704629796,4.04305126783455,24584.0,0.28733766233766234
190.34,0.0,4.837709458942664,161.85,2.3869262414277967,1088.1,802.59,56,38.56239268,0.5129627119370338,4.04305126783455,10659.04,0.39674188640973634
145.9,5.444579873526289,0.0,202.5,1.4816045409242156,827.0,871.8,28,32.720462532,0.5379914841128725,3.367295829986474,4085.2000000000003,0.6123804463336876
405.0,0.0,0.0,175.0,0.0,1120.0,695.0,28,52.30364936,0.43209875476299375,3.367295829986474,11340.0,0.0
387.0,3.044522437723423,4.553876891600541,157.0,2.703372611551099,938.0,845.0,3,25.510612,0.3133732472380589,1.3862943611198906,1161.0,0.2275449101796407
322.0,4.762173934797756,0.0,196.0,2.3978952727983707,818.0,813.0,28,29.77,0.4474885742582518,3.367295829986474,9016.0,0.2648401826484018
252.5,0.0,0.0,185.7,0.0,1111.6,784.3,28,19.765208492,0.7354455154279004,3.367295829986474,7070.0,0.0
525.0,0.0,0.0,189.0,0.0,1125.0,613.0,180,61.921839559999995,0.3599999931428573,5.198497031265826,94500.0,0.0
401.8,4.5612182984589085,0.0,147.4,2.517696472610991,946.8,852.1,3,41.09966436,0.2968781410497857,1.3862943611198906,1205.4,0.19073514602215508
212.0,0.0,4.834534349115358,159.0,2.179286876649552,1085.4,799.54,56,45.08483564,0.4721182827923784,4.04305126783455,11872.0,0.37050893758536735
374.3,0.0,0.0,190.2,2.0412203288596382,1013.2,730.4,28,39.056057496,0.508148530372735,3.367295829986474,10480.4,0.0
376.0,0.0,0.0,214.6,0.0,1003.5,762.36,28,31.971002119999998,0.5707446656716845,3.367295829986474,10528.0,0.0
212.0,0.0,4.834534349115358,159.0,2.179286876649552,1085.4,799.54,14,31.35047372,0.4721182827923784,2.70805020110221,2968.0,0.37050893758536735
157.0,5.4680601411351315,0.0,192.0,0.0,935.4,781.2,28,33.664355176,0.48854960588932306,3.367295829986474,4396.0,0.6005089058524173
252.0,0.0,0.0,185.0,0.0,1111.0,784.0,28,19.691434559999998,0.734126954994962,3.367295829986474,7056.0,0.0
355.0,2.995732273553991,4.584967478670572,145.0,2.648300196696436,967.0,871.0,28,44.02993736,0.3078556197907512,3.367295829986474,9940.0,0.24628450106157113
389.9,5.247024072160486,0.0,145.9,3.1354942159291497,944.7,755.8,28,74.4978818,0.25202970716825523,3.367295829986474,10917.199999999999,0.3264812575574365
212.0,0.0,4.834534349115358,159.0,2.179286876649552,1085.4,799.54,3,19.519065559999998,0.4721182827923784,1.3862943611198906,636.0,0.37050893758536735
298.0,4.68213122712422,4.927253685157205,201.0,1.9459101490553132,878.0,655.0,28,41.27,0.37084870164485795,3.367295829986474,8344.0,0.45018450184501846
296.0,4.584967478670572,0.0,219.0,2.302585092994046,932.0,685.0,28,29.23,0.5572518942175091,3.367295829986474,8288.0,0.24681933842239187
313.3,5.572914199451162,0.0,175.5,2.2617630984737906,1046.9,611.8,91,66.59648684,0.3049522101659043,4.5217885770490405,28510.3,0.4556038227628149
277.19,4.593300013417604,3.2371085931292605,160.7,2.5006159434931803,1061.7,782.46,14,47.7117392,0.4022830149377171,2.70805020110221,3880.66,0.3061055899066263
200.0,0.0,0.0,180.0,0.0,1125.0,845.0,28,12.24509376,0.8999999550000022,3.367295829986474,5600.0,0.0
374.0,0.0,0.0,190.0,2.0794415416798357,1013.0,730.0,28,32.44,0.5080213767908723,3.367295829986474,10472.0,0.0
252.31,0.0,4.602667055769973,146.25,2.719319793360441,987.76,889.01,14,42.29245784,0.4165954419017991,2.70805020110221,3532.34,0.28129094741639604
385.0,0.0,4.919980925828125,158.0,3.044522437723423,903.0,768.0,28,55.55108132,0.3032629500333407,3.367295829986474,10780.0,0.26103646833013433
153.0,0.0,5.480638923341991,200.0,1.9459101490553132,1002.0,684.0,28,28.29,0.5102040686172432,3.367295829986474,4284.0,0.6096938775510204
183.9,4.817050545023591,0.0,203.5,0.0,959.2,800.0,3,4.9035533120000006,0.6639477760539062,1.3862943611198906,551.7,0.39999999999999997
254.0,0.0,0.0,198.0,0.0,968.0,863.0,90,26.94472208,0.7795275283650579,4.51085950651685,22860.0,0.0
315.0,4.927253685157205,0.0,145.0,1.9315214116032138,1130.0,745.0,28,81.75116932,0.3207964530797245,3.367295829986474,8820.0,0.3030973451327434
140.0,4.859812404361672,5.10594547390058,237.0,1.9459101490553132,869.0,656.0,28,29.5,0.5486110984117801,3.367295829986474,3920.0,0.6759259259259259
362.6,5.247024072160486,0.0,164.9,2.533696813957432,944.7,755.8,3,35.3011712,0.29894850799585737,1.3862943611198906,1087.8000000000002,0.3426395939086294
166.0,0.0,5.564520407322694,183.0,2.639057329615259,859.0,827.0,28,40.34,0.4295774547047546,3.367295829986474,4648.0,0.6103286384976526
141.3,5.3612921657094255,0.0,203.5,0.0,971.8,748.5,7,10.3938507,0.575997719332077,2.0794415416798357,989.1000000000001,0.6000566091140673
155.2,5.219815138393079,4.971201224850849,193.8,2.322387720290225,879.6,698.5,28,28.991086848000002,0.4018245821724118,3.367295829986474,4345.599999999999,0.6782085838689612
425.0,4.675628649636653,0.0,153.5,2.8622008809294686,852.1,887.1,7,49.20100736,0.28891397912828953,2.0794415416798357,2975.0,0.2000752870318088
236.0,5.062595033026967,0.0,192.0,0.0,972.6,749.1,7,20.416073836,0.48854960588932306,2.0794415416798357,1652.0,0.3994910941475827
139.6,5.349010480863555,0.0,192.0,0.0,1047.0,806.9,360,44.698039603999995,0.5501432507122278,5.8888779583328805,50256.0,0.6
313.8,0.0,4.732683506287051,169.9,2.4069451083182885,925.3,782.9,28,38.461039708,0.39845214825393654,3.367295829986474,8786.4,0.26407129455909945
322.0,5.0106352940962555,0.0,186.0,2.1972245773362196,951.0,709.0,28,52.42086028,0.3949044502143429,3.367295829986474,9016.0,0.31634819532908703
116.0,5.159055299214529,0.0,192.0,0.0,909.8,891.9,7,10.089791784,0.6643598386034658,2.0794415416798357,812.0,0.5986159169550173
251.37,0.0,4.7813898305905775,188.45,1.9947003132247452,1028.4,757.73,100,44.209201119999996,0.5098203519689333,4.61512051684126,25137.0,0.31995996104317714
202.0,2.4849066497880004,4.955827057601261,206.0,1.000631880307906,942.0,801.0,3,9.84965714581204,0.5819208875163592,1.3862943611198906,606.0,0.4293785310734463
145.0,4.672828834461906,4.919980925828125,208.0,2.3978952727983707,751.0,883.0,28,26.02,0.537467686370344,3.367295829986474,4060.0,0.6253229974160207
236.0,0.0,0.0,193.0,0.0,968.0,885.0,180,24.104080959999997,0.8177965755170943,5.198497031265826,42480.0,0.0
190.34,0.0,4.837709458942664,166.61,2.3869262414277967,1079.0,798.9,3,12.5484632,0.5280489183554476,1.3862943611198906,571.02,0.39674188640973634
307.0,0.0,0.0,193.0,0.0,968.0,812.0,180,34.48758952,0.6286644746363363,5.198497031265826,55260.0,0.0
238.0,0.0,0.0,185.0,0.0,1118.0,789.0,28,17.54026944,0.7773108917096264,3.367295829986474,6664.0,0.0
309.0,0.0,4.962844630259907,218.0,2.3978952727983707,912.0,680.0,28,38.59,0.48337027753059253,3.367295829986474,8652.0,0.3148558758314856
238.05,0.0,4.555034116494294,186.66,2.0794415416798357,949.91,847.01,28,30.2335226,0.5619580755672544,3.367295829986474,6665.400000000001,0.2833273121387283
277.0,4.770684624465665,4.5217885770490405,191.0,2.0794415416798357,946.0,666.0,28,43.5748832,0.39381442486980567,3.367295829986474,7756.0,0.4288659793814433
238.1,0.0,0.0,185.7,0.0,1118.8,789.3,7,10.335934715999999,0.7799243687558014,2.0794415416798357,1666.7,0.0
385.0,0.0,0.0,186.0,0.0,966.0,763.0,3,14.699628319999999,0.48311687056839303,1.3862943611198906,1155.0,0.0
213.5,0.0,5.166156462945698,154.61,2.5384474167160302,1052.3,775.48,3,17.36790044,0.39874657247777967,1.3862943611198906,640.5,0.4493732913808222
304.8,0.0,4.611152257665639,196.0,2.379546134130174,959.4,705.2,28,30.12320644,0.4846686329211516,3.367295829986474,8534.4,0.24629080118694363
266.0,4.727387818712341,4.477336814478207,178.0,2.3978952727983707,910.0,745.0,28,39.417342919999996,0.3827956906925658,3.367295829986474,7448.0,0.42795698924731185
425.0,4.675628649636653,0.0,153.5,2.8622008809294686,852.1,887.1,7,49.20100736,0.28891397912828953,2.0794415416798357,2975.0,0.2000752870318088
388.6,4.585987366571318,0.0,157.9,2.5726122302071057,852.1,925.7,3,28.096147,0.32509779030064256,1.3862943611198906,1165.8000000000002,0.19991764463660694
298.0,4.927253685157205,4.68213122712422,201.0,1.9459101490553132,878.0,655.0,28,53.52402188,0.37084870164485795,3.367295829986474,8344.0,0.45018450184501846
264.5,4.718498871295094,4.471638793363569,195.5,1.9315214116032138,832.6,790.4,28,41.542307951999994,0.42316016400086226,3.367295829986474,7406.0,0.4274891774891775
379.5,5.025195445427586,0.0,153.9,2.827313621929028,1134.3,605.0,3,28.599464479999998,0.28999434162437643,1.3862943611198906,1138.5,0.2849067269643866
153.0,4.634728988229636,0.0,192.0,0.0,888.0,943.1,3,4.782205536,0.7529411469434845,1.3862943611198906,459.0,0.4
139.6,5.349010480863555,0.0,192.0,0.0,1047.0,806.9,28,28.23748958,0.5501432507122278,3.367295829986474,3908.7999999999997,0.6
168.88,3.76630335107874,4.830311739964974,158.33,2.4706386779902956,1080.8,796.15,3,7.3980774799999995,0.47213357769096237,1.3862943611198906,506.64,0.49640673922767253
252.0,4.343805421853684,4.584967478670572,194.0,2.1972245773362196,835.0,821.0,28,33.11,0.45647057749480996,3.367295829986474,7056.0,0.40705882352941175
276.4,4.762173934797756,4.514150787600923,179.6,2.2925347571405443,870.1,768.3,28,44.284354003999994,0.3720737441045423,3.367295829986474,7739.199999999999,0.4273876113528072
178.03,4.873669439023098,4.784152841516532,179.94,1.5195132049061133,1007.3,746.8,56,48.587373719999995,0.42196842572125726,4.04305126783455,9969.68,0.5825106113547358
362.6,5.247024072160486,0.0,164.9,2.533696813957432,944.7,755.8,56,77.29715436,0.29894850799585737,4.04305126783455,20305.600000000002,0.3426395939086294
288.4,4.804021044733257,0.0,177.4,2.0794415416798357,907.9,829.5,28,42.14008364399999,0.433317038756301,3.367295829986474,8075.199999999999,0.29555446995603324
540.0,0.0,0.0,173.0,0.0,1125.0,613.0,270,74.16693332,0.3203703644375859,5.602118820879701,145800.0,0.0
380.0,4.564348191467836,0.0,228.0,0.0,932.0,594.0,7,32.823194456,0.4799999898947371,2.0794415416798357,2660.0,0.2
295.0,4.672828834461906,4.919980925828125,208.0,1.9459101490553132,871.0,650.0,28,39.4,0.3873370505151387,3.367295829986474,8260.0,0.4506517690875233
289.0,0.0,0.0,192.0,0.0,913.2,895.3,3,11.654902304,0.6643598386034658,1.3862943611198906,867.0,0.0
298.1,0.0,4.686750172980514,163.6,2.624668592163159,953.2,784.0,28,35.86585204399999,0.4033530472546093,3.367295829986474,8346.800000000001,0.2650394477317554
198.6,4.893352133481524,0.0,192.0,0.0,978.4,825.5,7,14.638264955999999,0.5800604054362416,2.0794415416798357,1390.2,0.4
238.05,0.0,4.555034116494294,186.66,2.0794415416798357,949.91,847.01,14,25.68987576,0.5619580755672544,2.70805020110221,3332.7000000000003,0.2833273121387283
427.5,3.8815637979434374,0.0,228.0,0.0,932.0,594.0,28,37.427515183999994,0.4799999898947371,3.367295829986474,11970.0,0.1
312.7,4.981549713201159,0.0,127.3,2.1972245773362196,999.7,822.2,28,44.523602176000004,0.27831219330318774,3.367295829986474,8755.6,0.31635330126803674
288.0,5.262690188904886,0.0,192.0,0.0,932.0,717.8,28,38.804398756000005,0.3999999916666669,3.367295829986474,8064.0,0.4
190.34,0.0,4.837709458942664,161.85,2.3869262414277967,1088.1,802.59,14,22.718234199999998,0.5129627119370338,2.70805020110221,2664.76,0.39674188640973634
491.0,3.295836866004329,4.820281565605037,201.0,1.5953389880545987,822.0,699.0,56,61.85584685418796,0.3140624950927735,4.04305126783455,27496.0,0.2328125
249.1,0.0,4.602667055769973,158.11,2.624668592163159,987.76,889.01,28,30.84715624,0.45453498765171807,3.367295829986474,6974.8,0.28388673278712084
252.5,0.0,0.0,185.7,0.0,1111.6,784.3,7,11.483912255999998,0.7354455154279004,2.0794415416798357,1767.5,0.0
178.03,4.873669439023098,4.784152841516532,179.94,1.5195132049061133,1007.3,746.8,3,20.72564856,0.42196842572125726,1.3862943611198906,534.09,0.5825106113547358
317.9,0.0,4.848116364598481,209.7,1.9021075263969205,860.5,736.6,28,40.062002979999995,0.4718721766005361,3.367295829986474,8901.199999999999,0.2846534653465347
379.5,5.025195445427586,0.0,153.9,2.827313621929028,1134.3,605.0,28,52.20022796,0.28999434162437643,3.367295829986474,10626.0,0.2849067269643866
250.0,0.0,4.5715099844954565,187.42,1.8764069432883397,956.86,861.17,56,38.32797084,0.5421620370227072,4.04305126783455,14000.0,0.2768087014377043
362.6,5.247024072160486,0.0,164.9,2.533696813957432,944.7,755.8,56,77.29715436,0.29894850799585737,4.04305126783455,20305.600000000002,0.3426395939086294
480.0,0.0,0.0,192.0,0.0,936.0,721.0,28,43.892042159999995,0.3999999916666669,3.367295829986474,13440.0,0.0
362.6,5.247024072160486,0.0,164.9,2.533696813957432,944.7,755.8,28,71.29871315999999,0.29894850799585737,3.367295829986474,10152.800000000001,0.3426395939086294
362.6,5.247024072160486,0.0,164.9,2.533696813957432,944.7,755.8,28,71.29871315999999,0.29894850799585737,3.367295829986474,10152.800000000001,0.3426395939086294
284.0,2.772588722239781,4.955827057601261,179.0,1.8656293177945105,842.0,801.0,28,43.733462679999995,0.4068181725723143,3.367295829986474,7952.0,0.35454545454545455
156.0,5.187385805840755,5.236441962829949,221.0,2.0794415416798357,854.0,614.0,28,29.41304616,0.42418425289473605,3.367295829986474,4368.0,0.7005758157389635
296.0,0.0,0.0,192.0,0.0,1085.0,765.0,28,21.6495464,0.6486486267348437,3.367295829986474,8288.0,0.0
275.07,0.0,4.806885789888681,159.48,2.388762789235098,1053.6,777.5,14,38.76923548,0.402300580134691,2.70805020110221,3850.98,0.3061147268049039
427.5,3.8815637979434374,0.0,228.0,0.0,932.0,594.0,270,43.01296026,0.4799999898947371,5.602118820879701,115425.0,0.1
182.04,3.833196224882175,4.811940423184356,170.21,2.2181159363675955,1059.4,780.65,3,7.3153403599999995,0.4874004785693695,1.3862943611198906,546.12,0.47872401351583527
160.2,0.26236426446749106,5.484796933490655,233.5,2.322387720290225,781.0,841.1,28,36.19,0.5830212089133282,3.367295829986474,4485.599999999999,0.6
427.5,3.8815637979434374,0.0,228.0,0.0,932.0,594.0,90,41.542997428,0.4799999898947371,4.51085950651685,38475.0,0.1
184.0,4.465908118654584,5.25227342804663,213.0,1.9459101490553132,923.0,623.0,28,22.93197176,0.46304346819470726,3.367295829986474,5152.0,0.6
225.0,0.0,0.0,181.0,0.0,1113.0,833.0,7,11.169511199999999,0.8044444086913596,2.0794415416798357,1575.0,0.0
359.0,2.995732273553991,4.955827057601261,154.0,2.477378383367209,942.0,801.0,28,59.494884039999995,0.2967244644176404,3.367295829986474,10052.0,0.30828516377649323
296.0,0.0,4.68213122712422,221.0,2.4849066497880004,819.0,778.0,28,31.419421319999998,0.5483870831665737,3.367295829986474,8288.0,0.2655086848635236
424.0,3.1354942159291497,4.890349128221754,178.0,2.2491843162669305,882.0,750.0,3,32.01138571527068,0.30795847218064926,1.3862943611198906,1272.0,0.2664359861591695
313.0,4.983606621708336,0.0,178.0,2.1972245773362196,867.0,824.0,28,44.38846488,0.3886462797238804,3.367295829986474,8764.0,0.3165938864628821
148.0,5.170483995038151,0.0,171.0,1.0986122886681096,1000.0,828.0,28,26.91714304,0.5294117483154258,3.367295829986474,4144.0,0.541795665634675
147.0,4.499809670330265,4.7535901911063645,202.0,2.302585092994046,860.0,829.0,28,25.21,0.5754985591026052,3.367295829986474,4116.0,0.5811965811965812
354.0,0.0,0.0,234.0,1.9459101490553132,959.0,691.0,28,33.91,0.6610169304797477,3.367295829986474,9912.0,0.0
469.0,4.772378104971998,0.0,137.8,3.502549875922443,852.1,840.5,91,70.69886903999999,0.23507334979404043,4.5217885770490405,42679.0,0.19993176390310474
491.0,3.295836866004329,4.820281565605037,201.0,1.5953389880545987,822.0,699.0,3,29.54897143054136,0.3140624950927735,1.3862943611198906,1473.0,0.2328125
173.54,3.9328055446106744,5.162096646636745,164.77,2.010894999144726,1006.2,793.5,14,33.00521612,0.41491235860917713,2.70805020110221,2429.56,0.5630036261079774
380.0,0.0,0.0,228.0,0.0,932.0,670.0,90,52.908319811999995,0.5999999842105268,4.51085950651685,34200.0,0.0
251.37,0.0,4.7813898305905775,188.45,1.9095425048844383,1028.4,757.73,14,29.93015316,0.5098203519689333,2.70805020110221,3519.1800000000003,0.31995996104317714
252.31,0.0,4.602667055769973,146.25,2.719319793360441,987.76,889.01,3,21.78054684,0.4165954419017991,1.3862943611198906,756.9300000000001,0.28129094741639604
310.0,0.0,0.0,192.0,0.0,970.0,850.0,7,14.98920824,0.6193548187304898,2.0794415416798357,2170.0,0.0
389.9,5.247024072160486,0.0,145.9,3.1354942159291497,944.7,755.8,3,40.59634688,0.25202970716825523,1.3862943611198906,1169.6999999999998,0.3264812575574365
194.68,0.0,4.620255823406132,170.17,2.1377104498038118,998.0,901.8,100,44.27814872,0.5764566200387324,4.61512051684126,19468.0,0.34051490514905147
246.83,0.0,4.836916626109569,143.3,2.5641798306825083,1086.8,800.89,28,52.5035974,0.3853082631467758,3.367295829986474,6911.240000000001,0.33631792638003816
153.0,4.983606621708336,0.0,178.0,2.1972245773362196,1000.0,822.0,28,19.00885332,0.5973154161974693,3.367295829986474,4284.0,0.4865771812080537
213.5,0.0,5.166156462945698,159.21,2.5384474167160302,1043.6,771.9,14,29.592309919999998,0.41061019212332517,2.70805020110221,2989.0,0.4493732913808222
148.1,0.0,4.924350925499243,158.1,2.8390784635086144,1001.8,830.1,28,17.959470848000002,0.5553213714323368,3.367295829986474,4146.8,0.47980330172110996
173.0,4.762173934797756,0.0,192.0,0.0,946.8,856.8,3,6.940954892,0.6643598386034658,1.3862943611198906,519.0,0.4013840830449827
339.0,0.0,0.0,197.0,0.0,968.0,781.0,90,35.17017076,0.5811209268105921,4.51085950651685,30510.0,0.0
331.0,0.0,0.0,192.0,0.0,978.0,825.0,90,37.231704,0.5800604054362416,4.51085950651685,29790.0,0.0
424.0,3.1354942159291497,4.890349128221754,178.0,2.2491843162669305,822.0,750.0,56,65.69721314581203,0.30795847218064926,4.04305126783455,23744.0,0.2664359861591695
213.5,0.0,5.166156462945698,154.61,2.5384474167160302,1052.3,775.48,28,45.939785879999995,0.39874657247777967,3.367295829986474,5978.0,0.4493732913808222
446.0,3.2188758248682006,4.382026634673881,162.0,2.424802725718295,967.0,712.0,28,53.38612668,0.29508196183821567,3.367295829986474,12488.0,0.18761384335154827
475.0,0.0,0.0,228.0,0.0,932.0,594.0,28,39.28978986,0.4799999898947371,3.367295829986474,13300.0,0.0
136.0,5.2832037287379885,4.59511985013459,199.0,1.9459101490553132,847.0,783.0,28,26.96540636,0.4627906869118445,3.367295829986474,3808.0,0.6837209302325581
213.74,0.0,5.169005630067697,154.79,2.412335956953165,1053.5,776.35,14,33.72916592,0.3984503604188025,2.70805020110221,2992.36,0.44980436573311366
375.0,4.551769409260976,0.0,126.6,3.1945831322991562,852.1,992.6,56,60.19814956,0.27005118877877154,4.04305126783455,21000.0,0.2000853242320819
229.97,0.0,4.781725147887709,195.47,1.728109442151599,1029.4,758.59,100,35.34253976,0.5612438106912884,4.61512051684126,22997.0,0.33969794418284144
167.0,5.236441962829949,5.278114659230518,185.0,2.0794415416798357,898.0,636.0,28,23.8903434,0.3369763144448759,3.367295829986474,4676.0,0.6958105646630237
286.3,5.307772525318792,0.0,144.7,2.501435951739211,1004.6,803.7,28,67.69964844,0.29700327797612314,3.367295829986474,8016.400000000001,0.41235632183908044
218.23,4.018902367055242,4.82655218668264,140.75,2.558002204858551,1075.7,792.67,100,63.528318639999995,0.35484683335820416,4.61512051684126,21823.0,0.4498172192108913
376.0,0.0,0.0,214.6,0.0,1003.5,762.36,100,43.0577762,0.5707446656716845,4.61512051684126,37600.0,0.0
215.6,4.735320870453137,5.480638923341991,198.7,2.128231705849268,884.0,649.1,28,39.13,0.3501321524205788,3.367295829986474,6036.8,0.6200881057268722
178.03,4.873669439023098,4.784152841516532,179.94,1.5195132049061133,1007.3,746.8,28,39.1622368,0.42196842572125726,3.367295829986474,4984.84,0.5825106113547358
214.9,4.00369019395397,4.811289646296506,155.63,2.361796952625892,1014.3,780.58,56,53.95839176,0.39844849078449296,4.04305126783455,12034.4,0.4498067026805602
381.4,0.0,0.0,185.7,0.0,1104.6,784.3,7,14.54104884,0.4868903910096909,2.0794415416798357,2669.7999999999997,0.0
139.6,5.349010480863555,0.0,192.0,0.0,1047.0,806.9,90,39.358047983999995,0.5501432507122278,4.51085950651685,12564.0,0.6
134.7,0.0,5.116195789756748,180.2,2.3978952727983707,961.0,804.9,28,13.293786756,0.5998668242387876,3.367295829986474,3771.5999999999995,0.5515978695073236
225.0,0.0,0.0,181.0,0.0,1113.0,833.0,28,17.3403214,0.8044444086913596,3.367295829986474,6300.0,0.0
149.0,4.775756486563625,4.529368472571809,182.9,2.0918640616783932,953.4,780.3,28,23.524231644,0.5104660756219348,3.367295829986474,4172.0,0.584147362545353
439.0,5.181783550292085,0.0,186.0,2.4932054526026954,884.9,707.9,7,56.095767359999996,0.30194804704629796,2.0794415416798357,3073.0,0.28733766233766234
249.1,0.0,4.602667055769973,158.11,2.624668592163159,987.76,889.01,100,51.0556978,0.45453498765171807,4.61512051684126,24910.0,0.28388673278712084
321.0,0.0,5.10594547390058,190.0,1.791759469228055,870.0,774.0,28,45.82,0.3917525692422151,3.367295829986474,8988.0,0.33814432989690724
152.0,0.0,5.472270673671475,204.0,1.9459101490553132,785.0,892.0,28,32.71,0.5244215803490596,3.367295829986474,4256.0,0.609254498714653
192.0,5.666426688112432,0.0,192.0,0.0,929.8,716.1,7,21.48062478,0.3999999916666669,2.0794415416798357,1344.0,0.6
251.37,0.0,4.7813898305905775,192.94,1.9095425048844383,1043.6,754.3,3,11.98309288,0.521967305433197,1.3862943611198906,754.11,0.31995996104317714
332.5,4.966335035199676,0.0,228.0,0.0,932.0,594.0,270,40.269535256000005,0.4799999898947371,5.602118820879701,89775.0,0.3
382.0,0.0,0.0,186.0,0.0,1047.0,739.0,7,24.00065956,0.4869109820180372,2.0794415416798357,2674.0,0.0
212.57,0.0,4.618974466964488,159.35,2.4309783077624445,1003.8,903.79,3,13.33446584,0.5091704847529881,1.3862943611198906,637.71,0.32077581799591004
310.0,0.0,0.0,192.0,0.0,1012.0,830.0,3,11.85209244,0.6193548187304898,1.3862943611198906,930.0,0.0
359.0,2.995732273553991,4.955827057601261,154.0,2.477378383367209,942.0,801.0,3,23.639177145812038,0.2967244644176404,1.3862943611198906,1077.0,0.30828516377649323
322.0,0.0,5.0106352940962555,186.0,2.1972245773362196,951.0,709.0,28,45.42,0.3949044502143429,3.367295829986474,9016.0,0.31634819532908703
251.37,0.0,4.7813898305905775,188.45,1.9095425048844383,1028.4,757.73,56,36.96970312,0.5098203519689333,4.04305126783455,14076.720000000001,0.31995996104317714
233.81,0.0,4.559963593150012,197.89,1.7168563092013707,947.04,852.16,3,10.38350856,0.6026066383688103,1.3862943611198906,701.4300000000001,0.28801120618776455
531.3,0.0,0.0,141.8,3.374168709274236,852.1,893.7,91,59.19840936,0.26689252273870656,4.5217885770490405,48348.299999999996,0.0
321.3,5.107156861086878,0.0,190.5,1.7227665977411035,870.0,774.0,28,57.21823428799999,0.3923789826492486,3.367295829986474,8996.4,0.3382080329557157
251.37,0.0,4.7813898305905775,192.94,1.9095425048844383,1043.6,754.3,100,40.14818748,0.521967305433197,4.61512051684126,25137.0,0.31995996104317714
290.35,0.0,4.576564928977757,168.08,2.3427668826268775,961.18,865.0,3,22.50449664,0.4348433385547477,1.3862943611198906,871.0500000000001,0.2488293276071715
424.0,3.1354942159291497,4.890349128221754,168.0,2.2945529212967815,822.0,750.0,56,74.3649114581204,0.2906574344176915,4.04305126783455,23744.0,0.2664359861591695
212.0,4.957937505095806,0.0,203.5,0.0,973.4,750.0,7,15.030576799999999,0.575997719332077,2.0794415416798357,1484.0,0.39994339088593267
145.0,0.0,5.429345628954441,240.0,1.9459101490553132,750.0,853.0,28,36.59,0.6451612729795357,3.367295829986474,4060.0,0.6102150537634409
277.05,0.0,4.588939172877674,160.6,2.551786178627545,973.9,875.61,56,51.03501352,0.42890715658297307,4.04305126783455,15514.800000000001,0.2600950753124666
277.0,0.0,0.0,191.0,0.0,968.0,856.0,360,33.70158688,0.689530661027774,5.8888779583328805,99720.0,0.0
446.0,3.2188758248682006,4.382026634673881,162.0,2.5368663887187113,967.0,712.0,3,25.021084039999998,0.29508196183821567,1.3862943611198906,1338.0,0.18761384335154827
194.68,0.0,4.620255823406132,170.17,2.1377104498038118,998.0,901.8,14,24.28334472,0.5764566200387324,2.70805020110221,2725.52,0.34051490514905147
382.0,0.0,0.0,185.0,0.0,1047.0,739.0,28,37.42475728,0.4842931810394456,3.367295829986474,10696.0,0.0
310.0,4.969813299576001,4.718498871295094,168.0,3.1354942159291497,914.0,651.0,28,33.68779736,0.29787233514410755,3.367295829986474,8680.0,0.450354609929078
332.5,4.966335035199676,0.0,228.0,0.0,932.0,594.0,90,37.721921436,0.4799999898947371,4.51085950651685,29925.0,0.3
166.8,5.526249434594043,0.0,203.5,0.0,975.6,692.6,28,33.947729812,0.4880095806232715,3.367295829986474,4670.400000000001,0.6
290.35,0.0,4.576564928977757,168.08,2.3427668826268775,961.18,865.0,28,34.73580088,0.4348433385547477,3.367295829986474,8129.800000000001,0.2488293276071715
165.0,4.863680881139593,4.891100725401066,175.06,2.206074192613202,1005.8,746.6,100,55.020184799999996,0.41132517830532944,4.61512051684126,16500.0,0.612312030075188
190.68,0.0,4.839451481712757,162.14,2.1713368063840917,1090.0,804.01,28,26.40003604,0.5129713834164963,3.367295829986474,5339.04,0.39673500379650717
159.0,5.3471075307174685,5.087596335232384,201.0,2.0794415416798357,848.0,669.0,28,30.881630039999997,0.37996218563398515,3.367295829986474,4452.0,0.6994328922495274
387.0,3.044522437723423,4.553876891600541,157.0,2.729159164312445,938.0,845.0,3,22.752708,0.3133732472380589,1.3862943611198906,1161.0,0.2275449101796407
359.0,2.995732273553991,4.955827057601261,154.0,2.477378383367209,942.0,801.0,56,66.78067543054136,0.2967244644176404,4.04305126783455,20104.0,0.30828516377649323
229.97,0.0,4.781725147887709,195.47,1.728109442151599,1029.4,758.59,14,20.08443588,0.5612438106912884,2.70805020110221,3219.58,0.33969794418284144
148.0,5.198497031265826,0.0,183.0,2.4849066497880004,972.0,757.0,28,18.52,0.557926812258329,3.367295829986474,4144.0,0.5487804878048781
255.0,0.0,0.0,192.0,0.0,889.8,945.0,7,10.222171176,0.7529411469434845,2.0794415416798357,1785.0,0.0
356.0,0.0,4.962844630259907,193.0,2.4849066497880004,801.0,778.0,28,40.865242519999995,0.38755019302108046,3.367295829986474,9968.0,0.285140562248996
192.0,5.666426688112432,0.0,192.0,0.0,929.8,716.1,28,39.321505756,0.3999999916666669,3.367295829986474,5376.0,0.6
446.0,3.2188758248682006,4.382026634673881,162.0,2.5368663887187113,967.0,712.0,28,44.42293868,0.29508196183821567,3.367295829986474,12488.0,0.18761384335154827
173.54,3.9328055446106744,5.162096646636745,164.77,2.010894999144726,1006.2,793.5,3,23.07676172,0.41491235860917713,1.3862943611198906,520.62,0.5630036261079774
154.0,5.1647859739235145,5.225746673713202,228.0,2.0794415416798357,845.0,612.0,28,24.3385028,0.4444444357808102,3.367295829986474,4312.0,0.6998050682261209
332.5,4.966335035199676,0.0,228.0,0.0,932.0,594.0,180,39.779317819999996,0.4799999898947371,5.198497031265826,59850.0,0.3
252.0,0.0,0.0,185.0,0.0,1111.0,784.0,28,19.691434559999998,0.734126954994962,3.367295829986474,7056.0,0.0
525.0,0.0,0.0,189.0,0.0,1125.0,613.0,7,42.42345828,0.3599999931428573,2.0794415416798357,3675.0,0.0
261.0,4.3694478524670215,4.61512051684126,201.0,2.302585092994046,864.0,761.0,28,34.18,0.4578587595020784,3.367295829986474,7308.0,0.4054669703872437
250.2,5.122772794033106,0.0,203.5,0.0,977.6,694.1,7,19.35014394,0.4880095806232715,2.0794415416798357,1751.3999999999999,0.4
374.0,5.24807615011129,0.0,170.1,2.4069451083182885,926.1,756.7,7,46.20178676,0.30202414236462816,2.0794415416798357,2618.0,0.33593749999999994
210.7,5.759217181544302,0.0,185.7,0.0,977.0,689.3,7,21.819846971999997,0.3525056880693681,2.0794415416798357,1474.8999999999999,0.6000379650721337
310.0,0.0,0.0,192.0,0.0,970.0,850.0,360,38.11423328,0.6193548187304898,5.8888779583328805,111600.0,0.0
322.0,0.0,4.762173934797756,196.0,2.3978952727983707,818.0,813.0,28,31.17810472,0.4474885742582518,3.367295829986474,9016.0,0.2648401826484018
222.36,0.0,4.581594449459386,189.29,1.6974487897568138,967.08,870.32,28,24.8900836,0.593329762300418,3.367295829986474,6226.08,0.30301225590069897
288.0,4.804021044733257,0.0,177.0,2.0794415416798357,908.0,829.0,28,42.13387836,0.43276282560482093,3.367295829986474,8064.0,0.29584352078239606
330.5,5.139321635057579,0.0,194.9,2.2082744135228043,811.0,802.3,28,56.619079643999996,0.38972204779599984,3.367295829986474,9254.0,0.3391321735652869
167.35,4.874433672915854,4.86460709299957,175.46,2.1736147116970854,1006.3,746.6,14,31.812422639999998,0.41200365341527573,2.70805020110221,2342.9,0.6070397069528259
350.0,0.0,0.0,203.0,0.0,974.0,775.0,56,29.97841648,0.579999983428572,4.04305126783455,19600.0,0.0
166.8,5.526249434594043,0.0,203.5,0.0,975.6,692.6,3,6.902344236,0.4880095806232715,1.3862943611198906,500.40000000000003,0.6
307.0,0.0,0.0,193.0,0.0,968.0,812.0,28,27.53077668,0.6286644746363363,3.367295829986474,8596.0,0.0
229.68,0.0,4.780467127845082,195.23,1.9643112344262046,1028.1,757.63,56,31.35047372,0.5612637833123337,4.04305126783455,12862.08,0.3396964121435142
531.3,0.0,0.0,141.8,3.374168709274236,852.1,893.7,3,41.2996124,0.26689252273870656,1.3862943611198906,1593.8999999999999,0.0
251.81,0.0,4.614526280912116,146.14,2.5915163848462583,1006.0,899.76,56,44.14025352,0.4154655176839938,4.04305126783455,14101.36,0.28412224591329066
290.2,5.270432163058501,0.0,185.7,0.0,998.2,704.3,28,33.0431373,0.3839156422593417,3.367295829986474,8125.599999999999,0.40004134794293983
446.0,3.2188758248682006,4.382026634673881,162.0,2.534490149976828,967.0,712.0,28,57.02655996,0.29508196183821567,3.367295829986474,12488.0,0.18761384335154827
222.36,0.0,4.581594449459386,189.29,1.6974487897568138,967.08,870.32,56,29.447519959999997,0.593329762300418,4.04305126783455,12452.16,0.30301225590069897
295.71,0.0,4.570992734186505,171.54,2.28949985344539,955.14,859.2,100,52.04164848,0.43832885043237896,4.61512051684126,29570.999999999996,0.24438482177079343
213.5,0.0,5.166156462945698,159.21,2.5384474167160302,1043.6,771.9,100,52.95865156,0.41061019212332517,4.61512051684126,21350.0,0.4493732913808222
387.0,3.044522437723423,4.553876891600541,157.0,2.703372611551099,938.0,845.0,56,47.96684532,0.3133732472380589,4.04305126783455,21672.0,0.2275449101796407
172.0,5.094363509626968,5.4785534168509695,166.0,2.128231705849268,953.3,641.4,28,41.54,0.2899056882657058,3.367295829986474,4816.0,0.6996157876353476
500.0,0.0,0.0,200.0,0.0,1125.0,613.0,90,47.22221124,0.3999999920000002,4.51085950651685,45000.0,0.0
531.3,0.0,0.0,141.8,3.374168709274236,852.1,893.7,7,46.89815752,0.26689252273870656,2.0794415416798357,3719.0999999999995,0.0
331.0,0.0,0.0,192.0,0.0,1025.0,821.0,3,14.306626999999999,0.5800604054362416,1.3862943611198906,993.0,0.0
213.76,4.595725727160092,3.239462458476589,181.74,2.0347056478384444,1066.0,785.52,3,13.18278112,0.5403460623076036,1.3862943611198906,641.28,0.36445263721234467
237.0,4.532599493153256,4.276666119016055,247.0,1.9459101490553132,853.0,695.0,28,28.62704352,0.6174999845625004,3.367295829986474,6636.0,0.4075
142.0,5.123963979403259,4.875197323201151,174.0,2.4849066497880004,883.0,785.0,28,44.6090972,0.39635534404657535,3.367295829986474,3976.0,0.6765375854214123
299.0,4.68213122712422,0.0,210.0,2.3978952727983707,881.0,745.0,28,28.29,0.5172413665704098,3.367295829986474,8372.0,0.26354679802955666
166.0,5.563370320939456,0.0,183.2,2.617395832834079,858.8,826.8,28,37.917043144,0.4303500016361287,3.367295829986474,4648.0,0.6100540286586799
380.0,4.564348191467836,0.0,228.0,0.0,932.0,594.0,270,41.15137506,0.4799999898947371,5.602118820879701,102600.0,0.2
252.0,4.584967478670572,4.343805421853684,194.0,2.1972245773362196,835.0,821.0,28,33.398217439999996,0.45647057749480996,3.367295829986474,7056.0,0.40705882352941175
339.2,0.0,0.0,185.7,0.0,1069.2,754.3,28,31.899986092,0.5474646065016331,3.367295829986474,9497.6,0.0
297.16,0.0,4.775250456359692,174.8,2.3532782073095637,1022.8,753.45,56,51.95891136,0.42150951479359744,4.04305126783455,16640.960000000003,0.2834338075717386
250.2,5.122772794033106,0.0,203.5,0.0,977.6,694.1,3,9.731264264,0.4880095806232715,1.3862943611198906,750.5999999999999,0.4
153.0,4.983606621708336,4.736198448394496,178.0,2.1972245773362196,1002.0,689.0,28,25.55887532,0.4330900137934304,3.367295829986474,4284.0,0.6277372262773723
149.0,4.77912349311153,4.532599493153256,183.0,2.0794415416798357,953.0,780.0,28,23.51802636,0.5097492894220254,3.367295829986474,4172.0,0.584958217270195
425.0,4.675628649636653,0.0,153.5,2.8622008809294686,852.1,887.1,91,65.19685056,0.28891397912828953,4.5217885770490405,38675.0,0.2000752870318088
334.0,2.9231615807191558,5.0689042022202315,189.0,2.791165107812717,967.0,633.0,28,44.32641204,0.3708791136012733,3.367295829986474,9352.0,0.3445839874411303
359.0,2.995732273553991,4.955827057601261,154.0,2.477378383367209,942.0,801.0,7,38.610656,0.2967244644176404,2.0794415416798357,2513.0,0.30828516377649323
182.04,3.833196224882175,4.811940423184356,170.21,2.2181159363675955,1059.4,780.65,28,31.2677366,0.4874004785693695,3.367295829986474,5097.12,0.47872401351583527
362.6,5.247024072160486,0.0,164.9,2.533696813957432,944.7,755.8,91,79.29663476,0.29894850799585737,4.5217885770490405,32996.6,0.3426395939086294
186.2,4.829113417472866,0.0,185.7,0.0,1083.4,764.3,7,7.995853172,0.5984530906073772,2.0794415416798357,1303.3999999999999,0.3999355462455688
289.0,0.0,0.0,192.0,0.0,913.2,895.3,90,32.068218236,0.6643598386034658,4.51085950651685,26010.0,0.0
168.88,3.76630335107874,4.830311739964974,158.33,2.4706386779902956,1080.8,796.15,28,31.11605188,0.47213357769096237,3.367295829986474,4728.639999999999,0.49640673922767253
246.83,0.0,4.836916626109569,143.3,2.5641798306825083,1086.8,800.89,3,23.52492112,0.3853082631467758,1.3862943611198906,740.49,0.33631792638003816
387.0,3.044522437723423,4.553876891600541,157.0,2.534490149976828,938.0,845.0,28,46.68441996,0.3133732472380589,3.367295829986474,10836.0,0.2275449101796407
349.0,0.0,0.0,192.0,0.0,1047.0,806.0,7,18.12632404,0.5501432507122278,2.0794415416798357,2443.0,0.0
233.81,0.0,4.559963593150012,197.89,1.7168563092013707,947.04,852.16,56,27.66177712,0.6026066383688103,4.04305126783455,13093.36,0.28801120618776455
173.81,4.547223226033242,5.080783053998338,172.34,2.373043556642607,1007.2,746.6,56,48.9872698,0.4035309449393335,4.04305126783455,9733.36,0.5930270675283319
214.9,4.00369019395397,4.811289646296506,155.63,2.361796952625892,1014.3,780.58,3,18.01600788,0.39844849078449296,1.3862943611198906,644.7,0.4498067026805602
149.0,4.700480365792417,4.941642422609304,193.0,1.9459101490553132,892.0,780.0,28,28.7,0.48614608347239086,3.367295829986474,4172.0,0.6246851385390428
491.0,3.295836866004329,4.820281565605037,201.0,1.5953389880545987,822.0,699.0,28,57.915983999999995,0.3140624950927735,3.367295829986474,13748.0,0.2328125
218.85,0.0,4.829353196876964,158.49,2.512035317176253,1078.7,794.91,100,46.2293658,0.46209690179902907,4.61512051684126,21885.0,0.3619161467140941
296.0,0.0,0.0,192.0,0.0,1085.0,765.0,90,29.39236188,0.6486486267348437,4.51085950651685,26640.0,0.0
218.85,0.0,4.829353196876964,158.49,2.512035317176253,1078.7,794.91,14,26.04840328,0.46209690179902907,2.70805020110221,3063.9,0.3619161467140941
167.95,3.7630588522881876,5.1049146397432645,121.75,1.9050881545350582,1058.7,780.11,3,7.74971024,0.3256566542112916,1.3862943611198906,503.84999999999997,0.5507676670411384
281.0,0.0,0.0,186.0,0.0,1104.0,774.0,7,14.49968028,0.6619216846291216,2.0794415416798357,1967.0,0.0
234.0,5.056245805348308,0.0,189.0,1.9242486522741338,981.0,760.0,28,39.300132,0.48461537218934947,3.367295829986474,6552.0,0.4
387.0,3.044522437723423,4.553876891600541,157.0,2.534490149976828,938.0,845.0,56,61.45989064,0.3133732472380589,4.04305126783455,21672.0,0.2275449101796407
190.0,5.25227342804663,0.0,228.0,0.0,932.0,670.0,365,53.69225402399999,0.5999999842105268,5.902633333401366,69350.0,0.5
446.0,3.2188758248682006,4.382026634673881,162.0,2.534490149976828,967.0,712.0,7,52.00717468,0.29508196183821567,2.0794415416798357,3122.0,0.18761384335154827
133.0,5.303304908059076,0.0,192.0,0.0,927.4,839.2,3,6.883728383999999,0.5765765592619653,1.3862943611198906,399.0,0.6006006006006006
380.0,0.0,0.0,228.0,0.0,932.0,670.0,180,53.104130996,0.5999999842105268,5.198497031265826,68400.0,0.0
155.0,0.0,4.969813299576001,193.0,2.302585092994046,877.0,868.0,28,9.735401119999999,0.6476509849781549,3.367295829986474,4340.0,0.4798657718120805
331.0,0.0,0.0,192.0,0.0,1025.0,821.0,28,31.74347504,0.5800604054362416,3.367295829986474,9268.0,0.0
313.0,0.0,0.0,178.0,2.1972245773362196,1000.0,822.0,28,25.0969264,0.5686900776776334,3.367295829986474,8764.0,0.0
252.31,0.0,4.602667055769973,146.25,2.719319793360441,987.76,889.01,100,60.949678399999996,0.4165954419017991,4.61512051684126,25231.0,0.28129094741639604
164.0,5.099866427824199,4.859812404361672,197.0,2.1972245773362196,961.0,641.0,28,27.234302,0.43296702345127425,3.367295829986474,4592.0,0.6395604395604395
249.1,0.0,4.602667055769973,158.11,2.624668592163159,987.76,889.01,3,15.361525279999999,0.45453498765171807,1.3862943611198906,747.3,0.28388673278712084
322.0,0.0,0.0,203.0,0.0,974.0,800.0,14,20.77391188,0.6304347630299764,2.70805020110221,4508.0,0.0
158.0,0.0,5.5093883366279774,174.0,2.0794415416798357,1035.0,706.0,28,34.99,0.43069305864621144,3.367295829986474,4424.0,0.6089108910891089
254.0,0.0,0.0,198.0,0.0,968.0,863.0,180,27.62730332,0.7795275283650579,5.198497031265826,45720.0,0.0
339.0,0.0,0.0,197.0,0.0,968.0,781.0,14,27.04124872,0.5811209268105921,2.70805020110221,4746.0,0.0
154.0,4.976733742420574,4.727387818712341,220.0,2.3978952727983707,923.0,658.0,28,16.49916068,0.5365853527662109,3.367295829986474,4312.0,0.624390243902439
385.0,0.0,0.0,186.0,0.0,966.0,763.0,28,31.35047372,0.48311687056839303,3.367295829986474,10780.0,0.0
167.95,3.7630588522881876,5.1049146397432645,121.75,1.9050881545350582,1058.7,780.11,28,24.24197616,0.3256566542112916,3.367295829986474,4702.599999999999,0.5507676670411384
212.07,0.0,4.809090142334542,180.31,1.900613874140137,1057.6,779.32,14,20.91870184,0.5403518073555754,2.70805020110221,2968.98,0.36447001708172255
186.2,4.829113417472866,0.0,185.7,0.0,1083.4,764.3,28,17.596806471999997,0.5984530906073772,3.367295829986474,5213.599999999999,0.3999355462455688
249.1,0.0,4.602667055769973,158.11,2.624668592163159,987.76,889.01,14,28.6822016,0.45453498765171807,2.70805020110221,3487.4,0.28388673278712084
342.0,3.6635616461296463,0.0,228.0,0.0,932.0,670.0,180,52.1243856,0.5999999842105268,5.198497031265826,61560.0,0.1
439.0,5.181783550292085,0.0,186.0,2.4932054526026954,884.9,707.9,91,73.29819356,0.30194804704629796,4.5217885770490405,39949.0,0.28733766233766234
382.0,0.0,0.0,185.0,0.0,1047.0,739.0,7,24.00065956,0.4842931810394456,2.0794415416798357,2674.0,0.0
295.3,0.0,5.484381909620826,236.2,2.2300144001592104,780.3,722.9,28,44.08,0.44133033555062895,3.367295829986474,8268.4,0.4482436472346786
266.0,4.74493212836325,0.0,228.0,0.0,932.0,670.0,28,45.854290856,0.5999999842105268,3.367295829986474,7448.0,0.3
251.37,0.0,4.7813898305905775,188.45,1.9947003132247452,1028.4,757.73,14,24.42813468,0.5098203519689333,2.70805020110221,3519.1800000000003,0.31995996104317714
218.23,4.018902367055242,4.82655218668264,140.75,2.558002204858551,1075.7,792.67,14,35.9561734,0.35484683335820416,2.70805020110221,3055.22,0.4498172192108913
183.9,4.817050545023591,0.0,203.5,0.0,959.2,800.0,7,10.787541496,0.6639477760539062,2.0794415416798357,1287.3,0.39999999999999997
333.0,0.0,0.0,192.0,0.0,931.2,842.6,7,23.404952295999998,0.5765765592619653,2.0794415416798357,2331.0,0.0
540.0,0.0,0.0,173.0,0.0,1125.0,613.0,90,69.65776027999999,0.3203703644375859,4.51085950651685,48600.0,0.0
318.0,4.844187086458591,0.0,210.0,1.9459101490553132,861.0,737.0,28,31.77,0.4729729623204288,3.367295829986474,8904.0,0.28378378378378377
500.0,0.0,0.0,200.0,0.0,1125.0,613.0,3,26.0621928,0.3999999920000002,1.3862943611198906,1500.0,0.0
167.35,4.874433672915854,4.86460709299957,175.46,2.1736147116970854,1006.3,746.6,56,51.72448952,0.41200365341527573,4.04305126783455,9371.6,0.6070397069528259
239.6,5.887214525734183,0.0,185.7,0.0,941.6,664.3,28,39.435269296,0.31001668931524723,3.367295829986474,6708.8,0.6
350.0,0.0,0.0,186.0,0.0,1050.0,770.0,7,20.27748916,0.5314285562448985,2.0794415416798357,2450.0,0.0
190.34,0.0,4.837709458942664,166.61,2.3869262414277967,1079.0,798.9,56,31.715896,0.5280489183554476,4.04305126783455,10659.04,0.39674188640973634
190.0,5.25227342804663,0.0,228.0,0.0,932.0,670.0,90,42.32693164,0.5999999842105268,4.51085950651685,17100.0,0.5
275.07,0.0,4.806885789888681,159.48,2.388762789235098,1053.6,777.5,100,58.60546,0.402300580134691,4.61512051684126,27507.0,0.3061147268049039
148.0,0.0,5.209486152841421,181.0,2.772588722239781,839.0,884.0,28,15.520104759999999,0.548484831864096,3.367295829986474,4144.0,0.5515151515151515
362.6,5.247024072160486,0.0,164.9,2.533696813957432,944.7,755.8,7,55.89581932,0.29894850799585737,2.0794415416798357,2538.2000000000003,0.3426395939086294
425.0,4.675628649636653,0.0,153.5,2.8622008809294686,852.1,887.1,28,60.2946762,0.28891397912828953,3.367295829986474,11900.0,0.2000752870318088
165.0,4.863680881139593,4.891100725401066,175.06,2.206074192613202,1005.8,746.6,14,33.08795324,0.41132517830532944,2.70805020110221,2310.0,0.612312030075188
313.0,4.983606621708336,0.0,178.0,2.1972245773362196,1002.0,689.0,28,41.05140104,0.3886462797238804,3.367295829986474,8764.0,0.3165938864628821
500.0,0.0,0.0,140.0,1.6094379124341003,966.0,853.0,28,67.568648,0.2799999944000001,3.367295829986474,14000.0,0.0
251.81,0.0,4.614526280912116,146.14,2.5915163848462583,1006.0,899.76,28,33.94290348,0.4154655176839938,3.367295829986474,7050.68,0.28412224591329066
475.0,0.0,0.0,228.0,0.0,932.0,594.0,270,42.131120456,0.4799999898947371,5.602118820879701,128250.0,0.0
322.2,0.0,4.758749273916392,196.0,2.4336133554004498,817.9,813.4,28,31.178794196000002,0.44769300028111014,3.367295829986474,9021.6,0.2640475102786661
146.0,4.672828834461906,4.927253685157205,209.0,1.9459101490553132,875.0,765.0,28,27.89,0.5372750504556543,3.367295829986474,4088.0,0.6246786632390745
165.0,0.019802627296179712,4.973763819320351,163.81,0.0,1005.6,900.9,100,37.9556538,0.5308337752087309,4.61512051684126,16500.0,0.4653099581969603
374.0,0.0,0.0,190.0,2.0794415416798357,1013.0,730.0,28,39.05192064,0.5080213767908723,3.367295829986474,10472.0,0.0
239.6,5.887214525734183,0.0,185.7,0.0,941.6,664.3,7,25.422359072,0.31001668931524723,2.0794415416798357,1677.2,0.6
322.5,5.007965065540377,0.0,185.8,2.2512917986064953,951.0,709.5,28,52.426376088,0.39439608587569336,3.367295829986474,9030.0,0.3154319677350881
387.0,3.044522437723423,4.553876891600541,157.0,2.729159164312445,938.0,845.0,56,56.33708396,0.3133732472380589,4.04305126783455,21672.0,0.2275449101796407
446.0,3.2188758248682006,4.382026634673881,162.0,2.534490149976828,967.0,712.0,56,61.06688932,0.29508196183821567,4.04305126783455,24976.0,0.18761384335154827
359.0,2.995732273553991,4.955827057601261,154.0,2.477378383367209,942.0,801.0,28,62.935369279999996,0.2967244644176404,3.367295829986474,10052.0,0.30828516377649323
160.0,5.5254529391317835,0.0,168.0,2.5649493574615367,1049.0,688.0,28,39.45181672,0.4097560875669247,3.367295829986474,4480.0,0.6097560975609756
310.0,4.9684234452869465,0.0,167.9,2.3978952727983707,914.3,804.0,28,45.304778483999996,0.3708038787366635,3.367295829986474,8680.0,0.31537102473498235
266.0,4.74493212836325,0.0,228.0,0.0,932.0,670.0,90,47.029847436000004,0.5999999842105268,4.51085950651685,23940.0,0.3
143.8,4.922168312773925,4.674696248636701,178.1,2.1400661634962708,941.5,774.3,28,26.147687824,0.46104063005331014,3.367295829986474,4026.4000000000005,0.6277504530157908
140.2,3.8242840911201395,5.463407986413629,171.3,1.8718021769015913,1047.6,704.0,28,33.78,0.4079542651118299,3.367295829986474,3925.5999999999995,0.6661109788044772
531.3,0.0,0.0,141.8,3.374168709274236,852.1,893.7,28,56.3991368,0.26689252273870656,3.367295829986474,14876.399999999998,0.0
427.5,3.8815637979434374,0.0,228.0,0.0,932.0,594.0,365,43.698299404,0.4799999898947371,5.902633333401366,156037.5,0.1
157.0,5.4680601411351315,0.0,192.0,0.0,935.4,781.2,3,9.694722036,0.48854960588932306,1.3862943611198906,471.0,0.6005089058524173
480.0,0.0,0.0,192.0,0.0,936.2,712.2,28,43.942373908,0.3999999916666669,3.367295829986474,13440.0,0.0
236.0,0.0,0.0,193.0,0.0,968.0,885.0,365,25.083136879999998,0.8177965755170943,5.902633333401366,86140.0,0.0
331.0,0.0,0.0,192.0,0.0,978.0,825.0,180,38.99676256,0.5800604054362416,5.198497031265826,59580.0,0.0
295.71,0.0,4.570992734186505,171.54,2.28949985344539,955.14,859.2,56,48.718374159999996,0.43832885043237896,4.04305126783455,16559.76,0.24438482177079343
349.0,0.0,0.0,192.0,0.0,1047.0,806.0,360,42.126983599999996,0.5501432507122278,5.8888779583328805,125640.0,0.0
252.0,0.0,0.0,185.0,0.0,1111.0,784.0,7,13.71367764,0.734126954994962,2.0794415416798357,1764.0,0.0
318.8,5.363636832668679,0.0,155.7,2.72785282839839,852.1,880.4,91,68.09954452,0.293054765799835,4.5217885770490405,29010.8,0.39996235648409567
318.8,5.363636832668679,0.0,155.7,2.72785282839839,852.1,880.4,3,25.2003478,0.293054765799835,1.3862943611198906,956.4000000000001,0.39996235648409567
310.0,0.0,4.969813299576001,218.0,2.3978952727983707,787.0,804.0,28,36.19,0.48123619246719224,3.367295829986474,8680.0,0.31567328918322296
213.72,4.59562477314456,3.23907053215372,181.71,2.061786606441115,1065.8,785.38,56,50.77301264,0.5403532609624938,4.04305126783455,11968.32,0.36445818960390153
259.9,4.6210435351443815,4.37449836825309,170.6,2.4336133554004498,935.7,762.9,28,49.77327244,0.3886990114217587,3.367295829986474,7277.199999999999,0.4078377762588289
164.6,0.0,5.019925341003349,181.6,2.5416019934645457,1023.3,728.9,28,18.033934256,0.5765079182060978,3.367295829986474,4608.8,0.4774603174603175
155.4,4.812997033190408,5.484796933490655,179.9,2.0412203288596382,966.8,652.5,28,35.52,0.34763284352400303,3.367295829986474,4351.2,0.6997101449275362
291.0,4.663439094112067,0.0,205.0,1.9459101490553132,859.0,797.0,28,27.62,0.5176767546041224,3.367295829986474,8148.0,0.26515151515151514
165.0,4.863680881139593,4.891100725401066,175.06,2.206074192613202,1005.8,746.6,28,46.38794528,0.41132517830532944,3.367295829986474,4620.0,0.612312030075188
140.1,1.6486586255873816,5.379436417832829,193.9,1.7404661748405044,1049.5,710.1,28,26.42,0.5383120339169342,3.367295829986474,3922.7999999999997,0.6110494169905608
522.0,0.0,0.0,146.0,0.0,896.0,896.0,7,50.511011759999995,0.27969348123192567,2.0794415416798357,3654.0,0.0
331.0,0.0,0.0,192.0,0.0,978.0,825.0,360,41.244454319999996,0.5800604054362416,5.8888779583328805,119160.0,0.0
212.0,0.0,4.834534349115358,159.0,2.179286876649552,1085.4,799.54,28,38.500339839999995,0.4721182827923784,3.367295829986474,5936.0,0.37050893758536735
500.0,0.0,0.0,200.0,0.0,1125.0,613.0,270,55.15808,0.3999999920000002,5.602118820879701,135000.0,0.0
251.81,0.0,4.614526280912116,146.14,2.5915163848462583,1006.0,899.76,100,45.3675208,0.4154655176839938,4.61512051684126,25181.0,0.28412224591329066
163.0,5.0106352940962555,5.2574953720277815,180.0,2.5649493574615367,843.0,746.0,28,41.14,0.3578528755894061,3.367295829986474,4564.0,0.6759443339960238
397.0,2.9014215940827497,5.0689042022202315,167.0,3.0819099697950434,967.0,633.0,28,55.647607959999995,0.2918559893069558,3.367295829986474,11116.0,0.306186648025166
167.35,4.874433672915854,4.86460709299957,175.46,2.1736147116970854,1006.3,746.6,28,41.20308576,0.41200365341527573,3.367295829986474,4685.8,0.6070397069528259
149.5,5.4680601411351315,0.0,175.8,2.6100697927420065,846.8,892.7,28,32.96384756,0.4560311165750684,3.367295829986474,4186.0,0.6121919584954605
152.0,0.0,4.727387818712341,184.0,2.1972245773362196,992.0,816.0,28,12.17614616,0.6969696705693307,3.367295829986474,4256.0,0.42424242424242425
308.0,4.718498871295094,4.962844630259907,217.0,2.3978952727983707,783.0,686.0,28,42.08,0.38680926226721457,3.367295829986474,8624.0,0.45098039215686275
148.1,0.0,5.2100324516804655,181.4,2.772588722239781,838.9,884.3,28,15.526310044,0.5493640051676559,3.367295829986474,4146.8,0.5514839491217444
362.6,5.247024072160486,0.0,164.9,2.533696813957432,944.7,755.8,7,55.89581932,0.29894850799585737,2.0794415416798357,2538.2000000000003,0.3426395939086294
376.0,0.0,0.0,214.6,0.0,1003.5,762.36,14,25.62092816,0.5707446656716845,2.70805020110221,5264.0,0.0
173.81,4.547223226033242,5.080783053998338,172.34,2.373043556642607,1007.2,746.6,14,29.55094136,0.4035309449393335,2.70805020110221,2433.34,0.5930270675283319
148.5,4.944495491591711,4.696837374513915,192.7,1.9600947840472698,892.4,780.0,28,23.696600644,0.4860025098107816,3.367295829986474,4158.0,0.6254728877679697
194.68,0.0,4.620255823406132,170.17,2.1377104498038118,998.0,901.8,28,37.2661778,0.5764566200387324,3.367295829986474,5451.04,0.34051490514905147
237.5,5.474369310328396,0.0,228.0,0.0,932.0,594.0,365,38.995383608,0.4799999898947371,5.902633333401366,86687.5,0.5
162.0,5.337538079701318,5.153291594497779,216.0,2.3978952727983707,822.0,638.0,28,39.84481804,0.39926062108575566,3.367295829986474,4536.0,0.7005545286506469
374.0,5.24807615011129,0.0,170.1,2.4069451083182885,926.1,756.7,91,64.90037588,0.30202414236462816,4.5217885770490405,34034.0,0.33593749999999994
349.0,0.0,0.0,192.0,0.0,1047.0,806.0,180,41.05140104,0.5501432507122278,5.198497031265826,62820.0,0.0
291.0,4.653960350157523,0.0,231.0,2.302585092994046,857.0,725.0,28,30.43,0.5848101117769592,3.367295829986474,8148.0,0.26329113924050634
286.3,5.307772525318792,0.0,144.7,2.501435951739211,1004.6,803.7,91,76.80073164,0.29700327797612314,4.5217885770490405,26053.3,0.41235632183908044
400.0,0.0,0.0,187.0,0.0,1025.0,745.0,7,30.143890719999998,0.46749998831250034,2.0794415416798357,2800.0,0.0
122.6,5.219815138393079,0.0,203.5,0.0,958.2,800.1,28,24.290928956,0.6639477760539062,3.367295829986474,3432.7999999999997,0.6
154.0,4.955827057601261,5.204006687076795,234.0,2.4849066497880004,797.0,683.0,28,33.51,0.49159662832780193,3.367295829986474,4312.0,0.6764705882352942
218.23,4.018902367055242,4.82655218668264,140.75,2.558002204858551,1075.7,792.67,56,61.99078716,0.35484683335820416,4.04305126783455,12220.88,0.4498172192108913
250.0,0.0,4.5715099844954565,187.42,1.8764069432883397,956.86,861.17,28,29.21999288,0.5421620370227072,3.367295829986474,7000.0,0.2768087014377043
190.34,0.0,4.837709458942664,161.85,2.3869262414277967,1088.1,802.59,3,9.4458212,0.5129627119370338,1.3862943611198906,571.02,0.39674188640973634
212.52,0.0,4.618777189394308,159.32,2.2731562823032334,1007.8,903.59,14,26.310404159999997,0.5091885164374536,2.70805020110221,2975.28,0.3207836619898367
500.0,0.0,0.0,200.0,0.0,1125.0,613.0,1,12.63809508,0.3999999920000002,0.6931471805599453,500.0,0.0
182.04,3.833196224882175,4.811940423184356,170.21,2.2181159363675955,1059.4,780.65,14,21.504756439999998,0.4874004785693695,2.70805020110221,2548.56,0.47872401351583527
540.0,0.0,0.0,173.0,0.0,1125.0,613.0,180,71.62276688,0.3203703644375859,5.198497031265826,97200.0,0.0
451.0,0.0,0.0,165.0,2.505525936990736,1030.0,745.0,28,78.80021203999999,0.36585365042453105,3.367295829986474,12628.0,0.0
152.0,4.941642422609304,5.187385805840755,168.0,2.9444389791664403,944.0,695.0,28,38.86,0.3582089475861632,3.367295829986474,4256.0,0.67590618336887
251.37,0.0,4.7813898305905775,192.94,1.9095425048844383,1043.6,754.3,56,39.2656582,0.521967305433197,4.04305126783455,14076.720000000001,0.31995996104317714
298.0,4.68213122712422,0.0,186.0,1.9459101490553132,879.0,815.0,28,30.97,0.45925924791952477,3.367295829986474,8344.0,0.2641975308641975
491.0,3.295836866004329,4.820281565605037,201.0,1.5953389880545987,822.0,699.0,7,37.92118,0.3140624950927735,2.0794415416798357,3437.0,0.2328125
480.0,0.0,0.0,192.0,0.0,936.2,712.2,7,34.569637164,0.3999999916666669,2.0794415416798357,3360.0,0.0
331.0,0.0,0.0,192.0,0.0,978.0,825.0,3,13.52062436,0.5800604054362416,1.3862943611198906,993.0,0.0
298.2,0.0,4.68213122712422,209.7,2.4932054526026954,879.6,744.2,28,31.875164956000003,0.5175221984816831,3.367295829986474,8349.6,0.26406712734452126
401.8,4.5612182984589085,0.0,147.4,2.517696472610991,946.8,852.1,91,75.49762199999999,0.2968781410497857,4.5217885770490405,36563.8,0.19073514602215508
144.0,5.14166355650266,4.897839799950911,192.0,2.1972245773362196,814.0,805.0,28,29.86810032,0.42953019173310536,3.367295829986474,4032.0,0.6778523489932886
258.8,4.48863636973214,5.483135803540579,175.3,2.151762203259462,938.9,646.0,28,50.5,0.2989426961298995,3.367295829986474,7246.400000000001,0.5586630286493861
387.0,3.044522437723423,4.553876891600541,157.0,2.703372611551099,938.0,845.0,28,46.68441996,0.3133732472380589,3.367295829986474,10836.0,0.2275449101796407
313.3,5.572914199451162,0.0,175.5,2.2617630984737906,1046.9,611.8,3,28.79941252,0.3049522101659043,1.3862943611198906,939.9000000000001,0.4556038227628149
153.6,4.978112102390695,4.730039168033961,220.1,2.4069451083182885,923.2,657.9,28,16.503987012,0.5366983531651219,3.367295829986474,4300.8,0.6254572055596197
140.0,4.897839799950911,4.6443908991413725,200.0,2.0794415416798357,916.0,753.0,28,36.4388066,0.531914879470349,3.367295829986474,3920.0,0.6276595744680851
236.0,5.062595033026967,0.0,192.0,0.0,972.6,749.1,28,32.88455782,0.48854960588932306,3.367295829986474,6608.0,0.3994910941475827
236.0,5.062595033026967,0.0,192.0,0.0,972.6,749.1,90,47.782065751999994,0.48854960588932306,4.51085950651685,21240.0,0.3994910941475827
296.0,0.0,0.0,186.0,0.0,1090.0,769.0,7,18.91232668,0.6283783571493798,2.0794415416798357,2072.0,0.0
376.0,0.0,0.0,214.6,0.0,1003.5,762.36,3,16.27852836,0.5707446656716845,1.3862943611198906,1128.0,0.0
265.0,4.718498871295094,4.465908118654584,195.0,1.9459101490553132,833.0,790.0,28,41.540929,0.42207791294203656,3.367295829986474,7420.0,0.4264069264069264
147.8,5.171052015502161,0.0,171.2,1.1631508098056809,1000.0,828.5,28,26.922658848,0.530195090424432,3.367295829986474,4138.400000000001,0.542273149581914
339.0,0.0,0.0,185.0,0.0,1060.0,754.0,28,31.6469484,0.5457226977662921,3.367295829986474,9492.0,0.0
427.5,3.8815637979434374,0.0,228.0,0.0,932.0,594.0,7,35.076402024,0.4799999898947371,2.0794415416798357,2992.5,0.1
277.05,0.0,4.588939172877674,160.6,2.551786178627545,973.9,875.61,14,41.885667,0.42890715658297307,2.70805020110221,3878.7000000000003,0.2600950753124666
193.5,5.674010316322531,0.0,185.7,0.0,998.2,704.3,7,17.200357771999997,0.3839156422593417,2.0794415416798357,1354.5,0.5999586520570601
305.3,5.320567975482857,0.0,203.5,0.0,965.4,631.0,3,14.143910664,0.39996068396303686,1.3862943611198906,915.9000000000001,0.3999606918238994
425.0,4.675628649636653,0.0,153.5,2.8622008809294686,852.1,887.1,56,64.30053176,0.28891397912828953,4.04305126783455,23800.0,0.2000752870318088
332.5,4.966335035199676,0.0,228.0,0.0,932.0,594.0,365,41.052779992,0.4799999898947371,5.902633333401366,121362.5,0.3
203.5,5.724565013838729,0.0,203.5,0.0,963.4,630.0,7,19.539060364,0.39996068396303686,2.0794415416798357,1424.5,0.6000393081761006
313.0,4.983606621708336,0.0,127.0,2.1972245773362196,1000.0,822.0,28,44.51946532,0.27729257036479105,3.367295829986474,8764.0,0.3165938864628821
520.0,0.0,0.0,175.0,1.8245492920510458,870.0,805.0,28,51.021224,0.3365384550665682,3.367295829986474,14560.0,0.0
310.0,0.0,0.0,192.0,0.0,970.0,850.0,28,27.923778,0.6193548187304898,3.367295829986474,8680.0,0.0
238.05,0.0,4.555034116494294,186.66,2.0794415416798357,949.91,847.01,100,44.298833,0.5619580755672544,4.61512051684126,23805.0,0.2833273121387283
375.0,0.0,0.0,186.0,0.0,1038.0,758.0,28,38.21075992,0.49599998677333373,3.367295829986474,10500.0,0.0
342.0,4.919980925828125,0.0,225.0,2.4849066497880004,770.0,747.0,28,32.04,0.4707112872236133,3.367295829986474,9576.0,0.28451882845188287
148.0,0.0,4.927253685157205,158.0,2.833213344056216,1002.0,830.0,28,17.95395504,0.5543859454601423,3.367295829986474,4144.0,0.4807017543859649
280.0,4.867534450455582,4.61512051684126,172.0,2.302585092994046,825.0,805.0,28,52.82075636,0.33791747862637567,3.367295829986474,7840.0,0.449901768172888
339.0,0.0,0.0,197.0,0.0,968.0,781.0,7,20.96696516,0.5811209268105921,2.0794415416798357,2373.0,0.0
349.0,0.0,0.0,192.0,0.0,1056.0,809.0,28,33.60506024,0.5501432507122278,3.367295829986474,9772.0,0.0
277.0,0.0,0.0,191.0,0.0,968.0,856.0,28,25.965666159999998,0.689530661027774,3.367295829986474,7756.0,0.0
362.6,5.247024072160486,0.0,164.9,2.533696813957432,944.7,755.8,7,22.89749796,0.29894850799585737,2.0794415416798357,2538.2000000000003,0.3426395939086294
388.6,4.585987366571318,0.0,157.9,2.5726122302071057,852.1,925.7,56,55.19944856,0.32509779030064256,4.04305126783455,21761.600000000002,0.19991764463660694
540.0,0.0,0.0,173.0,0.0,1125.0,613.0,14,59.76377968,0.3203703644375859,2.70805020110221,7560.0,0.0
304.0,4.948759890378168,0.0,214.0,1.9459101490553132,895.0,722.0,28,33.41890172,0.4819819711265322,3.367295829986474,8512.0,0.3153153153153153
275.0,5.198497031265826,4.795790545596741,162.0,2.4292177439274116,830.0,765.0,28,76.23536132,0.28173912553497177,3.367295829986474,7700.0,0.5217391304347826
194.68,0.0,4.620255823406132,165.62,2.1377104498038118,1006.4,905.9,56,33.963587759999996,0.5610433414280712,4.04305126783455,10902.08,0.34051490514905147
212.52,0.0,4.618777189394308,159.32,2.2731562823032334,1007.8,903.59,28,31.640053639999998,0.5091885164374536,3.367295829986474,5950.56,0.3207836619898367
342.0,3.6635616461296463,0.0,228.0,0.0,932.0,670.0,365,56.141962252,0.5999999842105268,5.902633333401366,124830.0,0.1
450.1,3.9318256327243257,0.0,200.0,1.3862943611198906,1124.4,613.2,28,39.37597436,0.3999200079999998,3.367295829986474,12602.800000000001,0.09998000399920015
326.0,0.0,5.123963979403259,174.0,1.9459101490553132,884.0,792.0,28,52.65,0.3529411693115382,3.367295829986474,9128.0,0.33874239350912777
150.0,5.471429984256681,0.0,173.8,2.5572273113676265,1069.3,674.8,28,37.431652039999996,0.4493278063772543,3.367295829986474,4200.0,0.6122026887280249
203.5,5.724565013838729,0.0,203.5,0.0,963.4,630.0,90,51.863763672,0.39996068396303686,4.51085950651685,18315.0,0.6000393081761006
141.3,5.3612921657094255,0.0,203.5,0.0,971.8,748.5,28,29.89223198,0.575997719332077,3.367295829986474,3956.4000000000005,0.6000566091140673
540.0,0.0,0.0,162.0,1.252762968495368,1040.0,676.0,28,79.98611076,0.2999999944444446,3.367295829986474,15120.0,0.0
158.8,5.477300022076476,0.0,185.7,0.0,1040.6,734.3,7,9.617500724000001,0.4677581746156631,2.0794415416798357,1111.6000000000001,0.6
254.0,0.0,0.0,198.0,0.0,968.0,863.0,3,9.307926,0.7795275283650579,1.3862943611198906,762.0,0.0
158.6,5.009968405108552,4.762173934797756,175.1,2.772588722239781,953.3,719.7,28,27.681082448,0.4134592582418121,3.367295829986474,4440.8,0.6255017709563163
213.74,0.0,5.169005630067697,154.79,2.412335956953165,1053.5,776.35,28,40.14818748,0.3984503604188025,3.367295829986474,5984.72,0.44980436573311366
307.0,4.709530201312334,0.0,189.0,2.3978952727983707,904.0,765.0,28,31.5,0.4532373992029401,3.367295829986474,8596.0,0.2637889688249401
150.9,0.0,5.219815138393079,166.6,2.533696813957432,991.2,772.2,28,15.569747031999999,0.4976104988766279,3.367295829986474,4225.2,0.5492831541218638
213.5,0.0,5.166156462945698,159.21,2.5384474167160302,1043.6,771.9,56,51.25564584,0.41061019212332517,4.04305126783455,11956.0,0.4493732913808222
135.7,5.320567975482857,0.0,185.7,0.0,1076.2,759.3,28,18.19871902,0.5474646065016331,3.367295829986474,3799.5999999999995,0.5999410377358491
133.0,5.351858133476067,0.0,196.0,1.3862943611198906,949.0,795.0,28,31.026419999999998,0.5714285547688468,3.367295829986474,3724.0,0.6122448979591837
366.0,0.0,5.236441962829949,191.0,2.0794415416798357,824.0,757.0,28,52.65,0.3453887821810347,3.367295829986474,10248.0,0.33815551537070526
213.74,0.0,5.169005630067697,154.79,2.412335956953165,1053.5,776.35,3,17.57474324,0.3984503604188025,1.3862943611198906,641.22,0.44980436573311366
380.0,4.564348191467836,0.0,228.0,0.0,932.0,594.0,90,40.563252031999994,0.4799999898947371,4.51085950651685,34200.0,0.2
302.0,0.0,0.0,203.0,0.0,974.0,817.0,14,18.12632404,0.6721854082057812,2.70805020110221,4228.0,0.0
349.0,0.0,0.0,192.0,0.0,1056.0,809.0,3,15.87173752,0.5501432507122278,1.3862943611198906,1047.0,0.0
236.0,0.0,0.0,194.0,0.0,968.0,885.0,90,21.946021079999998,0.8220338634731413,4.51085950651685,21240.0,0.0
146.0,5.442417710521793,0.0,202.0,1.3862943611198906,827.0,872.0,28,33.0603742,0.5372340282650525,3.367295829986474,4088.0,0.6117021276595744
146.0,5.159055299214529,0.0,182.0,1.3862943611198906,986.0,817.0,28,23.73865868,0.5705328974754578,3.367295829986474,4088.0,0.542319749216301
342.0,3.6635616461296463,0.0,228.0,0.0,932.0,670.0,90,50.45930106,0.5999999842105268,4.51085950651685,30780.0,0.1
170.3,5.0530560099802075,0.0,185.7,0.0,1026.6,724.3,28,25.726417988,0.5699815662989083,3.367295829986474,4768.400000000001,0.4772866789441375
210.7,5.759217181544302,0.0,185.7,0.0,977.0,689.3,28,37.813621743999995,0.3525056880693681,3.367295829986474,5899.599999999999,0.6000379650721337
167.35,4.874433672915854,4.86460709299957,175.46,2.1736147116970854,1006.3,746.6,100,53.65502232,0.41200365341527573,4.61512051684126,16735.0,0.6070397069528259
238.0,0.0,0.0,186.0,0.0,1119.0,789.0,7,12.052040479999999,0.7815125722053541,2.0794415416798357,1666.0,0.0
310.0,0.0,0.0,192.0,0.0,970.0,850.0,180,37.32823064,0.6193548187304898,5.198497031265826,55800.0,0.0
145.7,5.15675380222625,0.0,181.9,1.4816045409242156,985.8,816.8,28,23.744174488,0.5714734347636371,3.367295829986474,4079.5999999999995,0.5422557335846686
183.9,4.817050545023591,0.0,203.5,0.0,959.2,800.0,90,32.53292506,0.6639477760539062,4.51085950651685,16551.0,0.39999999999999997
203.5,5.724565013838729,0.0,203.5,0.0,963.4,630.0,28,41.684340008,0.39996068396303686,3.367295829986474,5698.0,0.6000393081761006
425.0,4.675628649636653,0.0,153.5,2.8622008809294686,852.1,887.1,56,64.30053176,0.28891397912828953,4.04305126783455,23800.0,0.2000752870318088
313.0,4.8283137373023015,0.0,205.0,2.4849066497880004,846.0,758.0,28,29.63,0.4691075407526879,3.367295829986474,8764.0,0.2837528604118993
314.0,0.0,5.087596335232384,207.0,1.9459101490553132,851.0,757.0,28,41.14,0.4357894645096955,3.367295829986474,8792.0,0.3389473684210526
350.0,0.0,0.0,203.0,0.0,974.0,775.0,180,32.72253096,0.579999983428572,5.198497031265826,63000.0,0.0
425.0,4.675628649636653,0.0,151.4,2.975529566236472,936.0,803.7,28,61.797733879999996,0.28496141003272335,3.367295829986474,11900.0,0.2000752870318088
218.85,0.0,4.829353196876964,158.49,2.512035317176253,1078.7,794.91,56,37.2661778,0.46209690179902907,4.04305126783455,12255.6,0.3619161467140941
143.3,4.530446639792155,5.483966713434666,200.8,1.9740810260220096,964.8,647.1,28,27.09,0.42282584917191307,3.367295829986474,4012.4000000000005,0.6982522636344494
321.0,0.0,4.859812404361672,182.0,2.4849066497880004,870.0,780.0,28,37.25928304,0.405345202553559,3.367295829986474,8988.0,0.28507795100222716
181.9,5.612397912854348,0.0,185.7,0.0,1012.4,714.3,28,27.935499091999997,0.408401134629401,3.367295829986474,5093.2,0.5999560149549152
307.0,0.0,0.0,193.0,0.0,968.0,812.0,90,32.922478999999996,0.6286644746363363,4.51085950651685,27630.0,0.0
288.0,0.0,4.804021044733257,177.0,2.0794415416798357,908.0,829.0,28,39.93,0.43276282560482093,3.367295829986474,8064.0,0.29584352078239606
266.0,4.74493212836325,0.0,228.0,0.0,932.0,670.0,365,52.908319811999995,0.5999999842105268,5.902633333401366,97090.0,0.3
172.38,2.681706225762608,5.155428038997797,156.76,1.6370530794670737,1006.3,856.4,28,33.68779736,0.43743720176813256,3.367295829986474,4826.639999999999,0.5189753320683113
192.0,5.666426688112432,0.0,192.0,0.0,929.8,716.1,90,50.732333556,0.3999999916666669,4.51085950651685,17280.0,0.6
145.0,0.0,4.90527477843843,181.0,2.4849066497880004,979.0,812.0,28,13.19657064,0.648745496460735,3.367295829986474,4060.0,0.48028673835125446
139.6,5.349010480863555,0.0,192.0,0.0,1047.0,806.9,180,44.207822168,0.5501432507122278,5.198497031265826,25128.0,0.6
172.38,2.681706225762608,5.155428038997797,156.76,1.6370530794670737,1006.3,856.4,3,21.29101888,0.43743720176813256,1.3862943611198906,517.14,0.5189753320683113
213.72,4.59562477314456,3.23907053215372,181.71,2.061786606441115,1065.8,785.38,100,53.90323368,0.5403532609624938,4.61512051684126,21372.0,0.36445818960390153
153.0,4.634728988229636,0.0,192.0,0.0,888.0,943.1,28,17.96429718,0.7529411469434845,3.367295829986474,4284.0,0.4
275.07,0.0,4.806885789888681,159.48,2.388762789235098,1053.6,777.5,28,51.331488199999995,0.402300580134691,3.367295829986474,7701.96,0.3061147268049039
154.8,0.0,4.9684234452869465,193.3,2.312535423847214,1047.4,696.7,28,12.459520796,0.6495295480668835,3.367295829986474,4334.400000000001,0.4798387096774194
238.2,5.073923033332174,0.0,185.7,0.0,1040.6,734.3,7,15.691094808,0.4677581746156631,2.0794415416798357,1667.3999999999999,0.4
374.0,5.24807615011129,0.0,170.1,2.4069451083182885,926.1,756.7,3,34.39795764,0.30202414236462816,1.3862943611198906,1122.0,0.33593749999999994
500.1,0.0,0.0,200.0,1.3862943611198906,1124.4,613.2,28,44.13335876,0.3999200079999998,3.367295829986474,14002.800000000001,0.0
425.0,4.675628649636653,0.0,153.5,2.8622008809294686,852.1,887.1,91,65.19685056,0.28891397912828953,4.5217885770490405,38675.0,0.2000752870318088
350.0,0.0,0.0,186.0,0.0,1050.0,770.0,28,34.29453624,0.5314285562448985,3.367295829986474,9800.0,0.0
281.0,0.0,0.0,186.0,0.0,1104.0,774.0,28,22.435549039999998,0.6619216846291216,3.367295829986474,7868.0,0.0
212.57,0.0,4.618974466964488,159.35,2.4309783077624445,1003.8,903.79,56,44.395359639999995,0.5091704847529881,4.04305126783455,11903.92,0.32077581799591004
222.36,0.0,4.581594449459386,189.29,1.6974487897568138,967.08,870.32,100,40.7135578,0.593329762300418,4.61512051684126,22236.0,0.30301225590069897
525.0,0.0,0.0,189.0,0.0,1125.0,613.0,14,48.401215199999996,0.3599999931428573,2.70805020110221,7350.0,0.0
314.0,4.983606621708336,4.736198448394496,179.0,2.1972245773362196,869.0,690.0,28,46.2293658,0.31293705746613537,3.367295829986474,8792.0,0.45104895104895104
190.34,0.0,4.837709458942664,166.61,2.3869262414277967,1079.0,798.9,14,19.41564416,0.5280489183554476,2.70805020110221,2664.76,0.39674188640973634
173.0,4.762173934797756,0.0,192.0,0.0,946.8,856.8,90,32.102692036,0.6643598386034658,4.51085950651685,15570.0,0.4013840830449827
289.0,0.0,0.0,192.0,0.0,913.2,895.3,28,25.573354316,0.6643598386034658,3.367295829986474,8092.0,0.0
380.0,4.564348191467836,0.0,228.0,0.0,932.0,594.0,28,36.447769788,0.4799999898947371,3.367295829986474,10640.0,0.2
233.81,0.0,4.559963593150012,197.89,1.7168563092013707,947.04,852.16,28,22.83544512,0.6026066383688103,3.367295829986474,6546.68,0.28801120618776455
146.0,5.187385805840755,0.0,192.0,2.4849066497880004,961.0,749.0,28,17.19,0.5925925743026984,3.367295829986474,4088.0,0.5493827160493827
218.23,4.018902367055242,4.82655218668264,140.75,2.558002204858551,1075.7,792.67,28,55.50971276,0.35484683335820416,3.367295829986474,6110.44,0.4498172192108913
265.0,4.465908118654584,4.718498871295094,195.0,1.9459101490553132,833.0,790.0,28,37.39,0.42207791294203656,3.367295829986474,7420.0,0.4264069264069264
339.0,0.0,0.0,197.0,0.0,968.0,781.0,28,32.039949719999996,0.5811209268105921,3.367295829986474,9492.0,0.0
286.3,5.307772525318792,0.0,144.7,2.501435951739211,1004.6,803.7,56,72.99482412,0.29700327797612314,4.04305126783455,16032.800000000001,0.41235632183908044
273.0,4.663439094112067,4.418840607796598,210.0,2.302585092994046,904.0,680.0,28,37.16965116,0.4565217292060494,3.367295829986474,7644.0,0.40652173913043477
248.3,4.624972813284271,5.481055503227208,168.9,2.1633230256605382,954.2,640.6,28,49.97,0.28704962122621314,3.367295829986474,6952.400000000001,0.5780081577158396
181.38,0.0,5.124023501441311,169.59,2.1471001901536506,1055.6,777.8,14,21.601283079999998,0.48678204062165853,2.70805020110221,2539.3199999999997,0.47937656075088264
160.0,4.990432586778736,5.241747015059643,203.0,2.4849066497880004,829.0,710.0,28,33.51,0.4109311657706242,3.367295829986474,4480.0,0.6761133603238867
222.36,0.0,4.581594449459386,189.29,1.6974487897568138,967.08,870.32,14,24.44881896,0.593329762300418,2.70805020110221,3113.04,0.30301225590069897
212.0,0.0,4.834534349115358,159.0,2.179286876649552,1085.4,799.54,100,47.8151606,0.4721182827923784,4.61512051684126,21200.0,0.37050893758536735
168.88,3.76630335107874,4.830311739964974,158.33,2.4706386779902956,1080.8,796.15,14,23.5111316,0.47213357769096237,2.70805020110221,2364.3199999999997,0.49640673922767253
151.0,0.0,5.220355825078325,167.0,2.5649493574615367,991.0,772.0,28,15.568368079999999,0.49850744780574785,3.367295829986474,4228.0,0.5492537313432836
290.35,0.0,4.576564928977757,168.08,2.3427668826268775,961.18,865.0,56,45.08483564,0.4348433385547477,4.04305126783455,16259.600000000002,0.2488293276071715
164.2,0.0,5.303802296778606,181.2,2.6100697927420065,849.3,846.0,28,15.091250688,0.4973922454737238,3.367295829986474,4597.599999999999,0.5492725775459787
141.1,0.4700036292457356,5.349485653122436,188.8,1.7227665977411035,996.1,789.2,28,30.43,0.5375854061051992,3.367295829986474,3950.7999999999997,0.5982346241457859
220.8,4.998562712861986,0.0,185.7,0.0,1055.0,744.3,28,25.745033839999998,0.5046195515049035,3.367295829986474,6182.400000000001,0.39999999999999997
304.0,4.343805421853684,0.0,228.0,0.0,932.0,670.0,180,50.94882902,0.5999999842105268,5.198497031265826,54720.0,0.2
393.0,0.0,0.0,192.0,0.0,940.6,785.6,3,19.199148695999998,0.48854960588932306,1.3862943611198906,1179.0,0.0
166.0,5.564520407322694,0.0,183.0,2.639057329615259,859.0,827.0,28,37.91428524,0.4295774547047546,3.367295829986474,4648.0,0.6103286384976526
102.0,5.0369526024136295,0.0,192.0,0.0,887.0,942.0,90,25.460969728000002,0.7529411469434845,4.51085950651685,9180.0,0.6
190.0,5.25227342804663,0.0,228.0,0.0,932.0,670.0,28,40.856968808,0.5999999842105268,3.367295829986474,5320.0,0.5
260.9,4.620058798481842,4.373238128640803,200.6,2.2617630984737906,864.5,761.5,28,32.401235144,0.4562201397266286,3.367295829986474,7305.199999999999,0.4066408915169434
250.2,5.122772794033106,0.0,203.5,0.0,977.6,694.1,28,36.964187312,0.4880095806232715,3.367295829986474,7005.599999999999,0.4
302.0,0.0,0.0,203.0,0.0,974.0,817.0,28,21.7529678,0.6721854082057812,3.367295829986474,8456.0,0.0
314.0,0.0,4.736198448394496,170.0,2.3978952727983707,925.0,783.0,28,38.45897128,0.3981264543764297,3.367295829986474,8792.0,0.2646370023419204
212.57,0.0,4.618974466964488,159.35,2.4309783077624445,1003.8,903.79,14,25.3727168,0.5091704847529881,2.70805020110221,2975.98,0.32077581799591004
251.37,0.0,4.7813898305905775,192.94,1.9095425048844383,1043.6,754.3,28,33.27411176,0.521967305433197,3.367295829986474,7038.360000000001,0.31995996104317714
321.0,5.10594547390058,0.0,190.0,1.791759469228055,870.0,774.0,28,57.21271848,0.3917525692422151,3.367295829986474,8988.0,0.33814432989690724
382.0,0.0,0.0,186.0,0.0,1111.0,784.0,7,11.46598588,0.4869109820180372,2.0794415416798357,2674.0,0.0
356.0,4.787491742782046,0.0,160.0,2.305580601973844,1061.0,657.0,28,58.99846132,0.3368420981717453,3.367295829986474,9968.0,0.2505263157894737
102.0,5.0369526024136295,0.0,192.0,0.0,887.0,942.0,28,17.275510655999998,0.7529411469434845,3.367295829986474,2856.0,0.6
304.0,0.0,4.948759890378168,214.0,1.9459101490553132,895.0,722.0,28,38.46,0.4819819711265322,3.367295829986474,8512.0,0.3153153153153153
212.52,0.0,4.618777189394308,159.32,2.2731562823032334,1007.8,903.59,56,42.54756396,0.5091885164374536,4.04305126783455,11901.12,0.3207836619898367
277.0,0.0,0.0,191.0,0.0,968.0,856.0,14,21.26343984,0.689530661027774,2.70805020110221,3878.0,0.0
376.0,0.0,0.0,214.6,0.0,1003.5,762.36,56,36.3009114,0.5707446656716845,4.04305126783455,21056.0,0.0
148.0,4.700480365792417,4.941642422609304,193.0,2.0794415416798357,768.0,902.0,28,28.03,0.4873737250663201,3.367295829986474,4144.0,0.6262626262626263
251.37,0.0,4.7813898305905775,188.45,1.9095425048844383,1028.4,757.73,100,43.58177796,0.5098203519689333,4.61512051684126,25137.0,0.31995996104317714
304.0,4.343805421853684,0.0,228.0,0.0,932.0,670.0,270,54.378282643999995,0.5999999842105268,5.602118820879701,82080.0,0.2
153.0,4.634728988229636,0.0,192.0,0.0,888.0,943.1,7,8.374375495999999,0.7529411469434845,2.0794415416798357,1071.0,0.4
331.0,0.0,0.0,192.0,0.0,978.0,825.0,7,16.26473884,0.5800604054362416,2.0794415416798357,2317.0,0.0
299.8,0.0,4.794136285500715,211.5,2.388762789235098,878.2,727.6,28,23.835874796,0.5040514655850461,3.367295829986474,8394.4,0.28551000953288846
500.0,0.0,0.0,200.0,0.0,1125.0,613.0,7,33.21205892,0.3999999920000002,2.0794415416798357,3500.0,0.0
167.95,3.7630588522881876,5.1049146397432645,121.75,1.9050881545350582,1058.7,780.11,100,39.2311844,0.3256566542112916,4.61512051684126,16795.0,0.5507676670411384
349.0,0.0,0.0,192.0,0.0,1056.0,809.0,120,40.85834776,0.5501432507122278,4.795790545596741,41880.0,0.0
212.57,0.0,4.618974466964488,159.35,2.4309783077624445,1003.8,903.79,100,47.739318239999996,0.5091704847529881,4.61512051684126,21257.0,0.32077581799591004
236.0,0.0,0.0,194.0,0.0,968.0,885.0,28,18.415903959999998,0.8220338634731413,3.367295829986474,6608.0,0.0
424.0,3.1354942159291497,4.890349128221754,178.0,2.2491843162669305,822.0,750.0,28,62.052839999999996,0.30795847218064926,3.367295829986474,11872.0,0.2664359861591695
393.0,0.0,0.0,192.0,0.0,940.0,758.0,90,48.79421652,0.48854960588932306,4.51085950651685,35370.0,0.0
